Player,Nation,Pos,Squad,Comp,Age,Born,MP,Starts,Min,90s,Gls,Ast,G+A,G-PK,PK,PKatt,CrdY,CrdR,G+A-PK,Rk_stats_keeper,Nation_stats_keeper,Pos_stats_keeper,Comp_stats_keeper,Age_stats_keeper,Born_stats_keeper,MP_stats_keeper,Starts_stats_keeper,Min_stats_keeper,90s_stats_keeper,GA,GA90,SoTA,Saves,Save%,W,D,L,CS,CS%,PKatt_stats_keeper,PKA,PKsv,PKm,Rk_stats_shooting,Nation_stats_shooting,Pos_stats_shooting,Comp_stats_shooting,Age_stats_shooting,Born_stats_shooting,90s_stats_shooting,Gls_stats_shooting,Sh,SoT,SoT%,Sh/90,SoT/90,G/Sh,G/SoT,PK_stats_shooting,PKatt_stats_shooting,Rk_stats_playing_time,Nation_stats_playing_time,Pos_stats_playing_time,Comp_stats_playing_time,Age_stats_playing_time,Born_stats_playing_time,MP_stats_playing_time,Min_stats_playing_time,Mn/MP,Min%,90s_stats_playing_time,Starts_stats_playing_time,Mn/Start,Compl,Subs,Mn/Sub,unSub,PPM,onG,onGA,+/-,+/-90,On-Off,Rk_stats_misc,Nation_stats_misc,Pos_stats_misc,Comp_stats_misc,Age_stats_misc,Born_stats_misc,90s_stats_misc,CrdY_stats_misc,CrdR_stats_misc,2CrdY,Fls,Fld,Off,Crs,Int,TklW,OG,Saves/90,SoTA/90,IsPrem,Cluster,GA90_scaled,Save%_scaled,CS%_scaled,Saves/90_scaled,SoTA/90_scaled,PCA1,PCA2
Julen Agirrezabala,es ESP,GK,Valencia,es La Liga,25.0,2000.0,18,18,1620,18.0,0,0,0,0,0,0,1,0,0.0,1.0,es ESP,GK,es La Liga,25-081,2000.0,18.0,18.0,1620.0,18.0,30.0,1.67,79.0,52.0,65.8,3.0,7.0,8.0,4.0,22.2,4.0,3.0,1.0,0.0,39,es ESP,GK,es La Liga,25-081,2000.0,18.0,0,0,0,,0.0,0.0,,,0,0,45,es ESP,GK,es La Liga,25-081,2000.0,18,1620,90,64.3,18.0,18,90.0,18,0,,0,0.89,17,30,-13,-0.72,-0.82,39,es ESP,GK,es La Liga,25-081,2000.0,18.0,1,0,0,0,1,0,0,0,1,0,2.888888888888889,4.388888888888889,False,0,0.7620061433210894,-0.5376352418226941,-0.39736286696484274,0.14834003015568212,0.4687117909502282,1.053593481001361,-0.33605944415736844
Nícolas Andrade,br BRA,GK,Pisa,it Serie A,37.0,1988.0,5,5,450,5.0,0,0,0,0,0,0,0,0,0.0,3.0,br BRA,GK,it Serie A,37-339,1988.0,5.0,5.0,450.0,5.0,9.0,1.8,19.0,10.0,52.6,1.0,0.0,4.0,0.0,0.0,1.0,0.0,0.0,1.0,109,br BRA,GK,it Serie A,37-339,1988.0,5.0,0,0,0,,0.0,0.0,,,0,0,139,br BRA,GK,it Serie A,37-339,1988.0,5,450,90,17.2,5.0,5,90.0,5,0,,24,0.6,4,9,-5,-1.0,-0.13,109,br BRA,GK,it Serie A,37-339,1988.0,5.0,0,0,0,0,1,0,0,0,0,0,2.0,3.8,False,1,1.1070454976636237,-2.657344080550162,-2.0094709895195804,-1.4132136714196224,-0.3031723529953246,1.6863301693632837,-3.3018426146258317
Noah Atubolu,de GER,GK,Freiburg,de Bundesliga,23.0,2002.0,26,26,2340,26.0,0,0,0,0,0,0,0,0,0.0,6.0,de GER,GK,de Bundesliga,23-296,2002.0,26.0,26.0,2340.0,26.0,43.0,1.65,117.0,75.0,63.2,9.0,7.0,10.0,5.0,19.2,1.0,0.0,1.0,0.0,163,de GER,GK,de Bundesliga,23-296,2002.0,26.0,0,0,0,,0.0,0.0,,,0,0,202,de GER,GK,de Bundesliga,23-296,2002.0,26,2340,90,100.0,26.0,26,90.0,26,0,,0,1.31,37,43,-6,-0.23,,163,de GER,GK,de Bundesliga,23-296,2002.0,26.0,0,0,0,0,3,0,0,1,0,0,2.8846153846153846,4.5,False,1,0.7089231657299303,-0.9551536494508309,-0.6152153159587261,0.14083256043657008,0.6143503086758035,1.3234389471872174,-0.5856370659666409
Emil Audero,id IDN,GK,Cremonese,it Serie A,29.0,1997.0,25,25,2250,25.0,0,0,0,0,0,0,0,0,0.0,7.0,id IDN,GK,it Serie A,29-058,1997.0,25.0,25.0,2250.0,25.0,37.0,1.48,135.0,102.0,74.8,5.0,6.0,14.0,7.0,28.0,4.0,3.0,1.0,0.0,165,id IDN,GK,it Serie A,29-058,1997.0,25.0,0,0,0,,0.0,0.0,,,0,0,204,id IDN,GK,it Serie A,29-058,1997.0,25,2250,90,86.2,25.0,25,90.0,25,0,,2,0.84,19,37,-18,-0.72,0.03,165,id IDN,GK,it Serie A,29-058,1997.0,25.0,0,0,0,0,5,0,0,0,0,0,4.08,5.4,False,0,0.25771785620507837,0.907620784582398,0.023818534423331986,2.2408219902665905,1.7940223022529684,1.578822673283463,2.535864198276207
Mio Backhaus,de GER,GK,Werder Bremen,de Bundesliga,21.0,2004.0,24,24,2160,24.0,0,0,0,0,0,0,0,0,0.0,8.0,de GER,GK,de Bundesliga,21-335,2004.0,24.0,24.0,2160.0,24.0,43.0,1.79,110.0,71.0,64.5,5.0,7.0,12.0,4.0,16.7,4.0,4.0,0.0,0.0,177,de GER,GK,de Bundesliga,21-335,2004.0,24.0,0,0,0,,0.0,0.0,,,0,0,222,de GER,GK,de Bundesliga,21-335,2004.0,24,2160,90,92.3,24.0,24,90.0,24,0,,0,0.92,28,43,-15,-0.62,0.87,177,de GER,GK,de Bundesliga,21-335,2004.0,24.0,0,0,0,0,8,0,0,0,0,0,2.9583333333333335,4.583333333333333,False,1,1.080504008868044,-0.7463944456367625,-0.796759023453629,0.2703364130912531,0.7235791969699851,1.653870662731337,-0.4509416266226314
Augusto Batalla,ar ARG,GK,Rayo Vallecano,es La Liga,29.0,1996.0,28,28,2520,28.0,0,0,0,0,0,0,4,0,0.0,9.0,ar ARG,GK,es La Liga,29-321,1996.0,28.0,28.0,2520.0,28.0,34.0,1.21,104.0,75.0,72.1,7.0,11.0,10.0,8.0,28.6,5.0,5.0,0.0,0.0,229,ar ARG,GK,es La Liga,29-321,1996.0,28.0,0,0,0,,0.0,0.0,,,0,0,290,ar ARG,GK,es La Liga,29-321,1996.0,28,2520,90,100.0,28.0,28,90.0,28,0,,0,1.14,28,34,-6,-0.21,,229,ar ARG,GK,es La Liga,29-321,1996.0,28.0,4,0,0,0,4,0,0,0,1,0,2.6785714285714284,3.7142857142857144,False,0,-0.4589023412755691,0.47404397666086995,0.06738902422210878,-0.22113472959204644,-0.41552206666933983,-0.7097477398328942,0.140405959285067
Daniel Batz,de GER,GK,Mainz 05,de Bundesliga,35.0,1991.0,14,14,1260,14.0,0,0,0,0,0,0,1,0,0.0,10.0,de GER,GK,de Bundesliga,35-064,1991.0,14.0,14.0,1260.0,14.0,18.0,1.29,67.0,50.0,74.6,5.0,6.0,3.0,3.0,21.4,1.0,1.0,0.0,0.0,232,de GER,GK,de Bundesliga,35-064,1991.0,14.0,0,0,0,,0.0,0.0,,,0,0,294,de GER,GK,de Bundesliga,35-064,1991.0,14,1260,90,53.8,14.0,14,90.0,14,0,,3,1.5,20,18,2,0.14,1.14,232,de GER,GK,de Bundesliga,35-064,1991.0,14.0,1,0,0,0,0,0,0,0,0,0,3.5714285714285716,4.785714285714286,False,0,-0.24657043091093264,0.8755039839956178,-0.4554568533632117,1.3473901938652915,0.9888493542558556,0.8180819487329183,1.7122826888674694
Oliver Baumann,de GER,GK,Hoffenheim,de Bundesliga,35.0,1990.0,26,26,2340,26.0,0,0,0,0,0,0,1,0,0.0,11.0,de GER,GK,de Bundesliga,35-288,1990.0,26.0,26.0,2340.0,26.0,34.0,1.31,106.0,76.0,71.7,15.0,5.0,6.0,6.0,23.1,5.0,4.0,0.0,1.0,234,de GER,GK,de Bundesliga,35-288,1990.0,26.0,0,0,0,,0.0,0.0,,,0,0,296,de GER,GK,de Bundesliga,35-288,1990.0,26,2340,90,100.0,26.0,26,90.0,26,0,,0,1.92,54,34,20,0.77,,234,de GER,GK,de Bundesliga,35-288,1990.0,26.0,1,0,0,0,5,0,0,0,0,0,2.923076923076923,4.076923076923077,False,0,-0.19348745331977354,0.40981037548731164,-0.33200713226667755,0.20839978790857822,0.059803645028418194,0.041931691558113035,0.3969132003265502
Lucas Bergström,fi FIN,GK,Mallorca,es La Liga,23.0,2002.0,5,5,450,5.0,0,0,0,0,0,0,1,0,0.0,14.0,fi FIN,GK,es La Liga,23-193,2002.0,5.0,5.0,450.0,5.0,7.0,1.4,22.0,15.0,68.2,1.0,2.0,2.0,2.0,40.0,0.0,0.0,0.0,0.0,281,fi FIN,GK,es La Liga,23-193,2002.0,5.0,0,0,0,,0.0,0.0,,,0,0,357,fi FIN,GK,es La Liga,23-193,2002.0,5,450,90,17.9,5.0,5,90.0,5,0,,22,1.0,4,7,-3,-0.6,-0.21,281,fi FIN,GK,es La Liga,23-193,2002.0,5.0,1,0,0,0,0,0,0,0,0,0,3.0,4.4,False,0,0.0453859458404419,-0.1522336347813353,0.8952283303988657,0.34353424285259526,0.4832756427227857,0.004636519139923616,0.434882969000743
Justin Bijlow,nl NED,GK,Genoa,it Serie A,28.0,1998.0,8,8,720,8.0,0,0,0,0,0,0,0,0,0.0,15.0,nl NED,GK,it Serie A,28-054,1998.0,8.0,8.0,720.0,8.0,11.0,1.37,28.0,21.0,75.0,4.0,1.0,3.0,3.0,37.5,4.0,4.0,0.0,0.0,299,nl NED,GK,it Serie A,28-054,1998.0,8.0,0,0,0,,0.0,0.0,,,0,0,378,nl NED,GK,it Serie A,28-054,1998.0,8,720,90,27.6,8.0,8,90.0,8,0,,0,1.63,14,11,3,0.37,0.71,299,nl NED,GK,it Serie A,28-054,1998.0,8.0,0,0,0,0,1,0,0,0,0,0,2.625,3.5,False,2,-0.03423852054629618,0.9397375851691783,0.713684622903963,-0.31524622499948635,-0.6963963508543791,-1.1054834889036096,0.30371832155227646
Janis Blaswich,de GER,GK,Leverkusen,de Bundesliga,34.0,1991.0,10,9,841,9.3,0,0,0,0,0,0,0,0,0.0,17.0,de GER,GK,de Bundesliga,34-319,1991.0,10.0,9.0,841.0,9.3,8.0,0.86,41.0,33.0,80.5,4.0,4.0,1.0,3.0,33.3,0.0,0.0,0.0,0.0,310,de GER,GK,de Bundesliga,34-319,1991.0,9.3,0,0,0,,0.0,0.0,,,0,0,392,de GER,GK,de Bundesliga,34-319,1991.0,10,841,84,35.9,9.3,9,90.0,9,1,31.0,14,1.6,15,8,7,0.75,0.21,310,de GER,GK,de Bundesliga,34-319,1991.0,9.3,0,0,0,0,0,0,0,0,0,0,3.548387096774193,4.408602150537634,False,0,-1.3878544491208529,1.8229496013056234,0.4086911943125259,1.3069121313244556,0.4945508828047649,-0.7604646665803448,2.540742854132977
Jean Butez,fr FRA,GK,Como,it Serie A,30.0,1995.0,29,29,2610,29.0,0,0,0,0,0,0,3,0,0.0,19.0,fr FRA,GK,it Serie A,30-282,1995.0,29.0,29.0,2610.0,29.0,22.0,0.76,89.0,71.0,79.8,15.0,9.0,5.0,13.0,44.8,5.0,4.0,1.0,0.0,396,fr FRA,GK,it Serie A,30-282,1995.0,29.0,0,0,0,,0.0,0.0,,,0,0,497,fr FRA,GK,it Serie A,30-282,1995.0,29,2610,90,100.0,29.0,29,90.0,29,0,,0,1.86,48,22,26,0.9,,396,fr FRA,GK,it Serie A,30-282,1995.0,29.0,3,0,0,0,8,0,0,0,1,0,2.4482758620689653,3.0689655172413794,False,2,-1.653269337076648,1.7105407992518937,1.2437922487890791,-0.6257059857113872,-1.2613733592725611,-2.861228886029537,0.8769545756383793
Elia Caprile,it ITA,GK,Cagliari,it Serie A,24.0,2001.0,29,29,2610,29.0,0,0,0,0,0,0,2,0,0.0,20.0,it ITA,GK,it Serie A,24-204,2001.0,29.0,29.0,2610.0,29.0,41.0,1.41,137.0,97.0,71.5,7.0,9.0,13.0,6.0,20.7,2.0,2.0,0.0,0.0,440,it ITA,GK,it Serie A,24-204,2001.0,29.0,0,0,0,,0.0,0.0,,,0,0,548,it ITA,GK,it Serie A,24-204,2001.0,29,2610,90,100.0,29.0,29,90.0,29,0,,0,1.03,31,41,-10,-0.34,,440,it ITA,GK,it Serie A,24-204,2001.0,29.0,2,0,0,0,8,0,0,0,0,0,3.3448275862068964,4.724137931034483,False,0,0.07192743463602146,0.37769357490053135,-0.5062890914617845,0.9493093857050837,0.9081383530532587,0.9769555852601597,1.0374257922725523
Marco Carnesecchi,it ITA,GK,Atalanta,it Serie A,25.0,2000.0,29,29,2610,29.0,0,0,0,0,0,0,0,0,0.0,22.0,it ITA,GK,it Serie A,25-259,2000.0,29.0,29.0,2610.0,29.0,27.0,0.93,110.0,85.0,76.4,12.0,11.0,6.0,10.0,34.5,3.0,1.0,2.0,0.0,455,it ITA,GK,it Serie A,25-259,2000.0,29.0,0,0,0,,0.0,0.0,,,0,0,569,it ITA,GK,it Serie A,25-259,2000.0,29,2610,90,100.0,29.0,29,90.0,29,0,,0,1.62,40,27,13,0.45,,455,it ITA,GK,it Serie A,25-259,2000.0,29.0,0,0,0,1,5,0,1,0,0,0,2.9310344827586206,3.793103448275862,False,2,-1.202064027551796,1.164555189276638,0.49583217391007944,0.22237921428209725,-0.31221198513001525,-1.3093865942142588,1.1408028537795267
Lucas Chevalier,fr FRA,GK,Paris Saint-Germain,fr Ligue 1,24.0,2001.0,17,17,1530,17.0,0,0,0,0,0,0,0,0,0.0,23.0,fr FRA,GK,fr Ligue 1,24-131,2001.0,17.0,17.0,1530.0,17.0,13.0,0.76,43.0,32.0,72.1,12.0,3.0,2.0,9.0,52.9,3.0,1.0,1.0,1.0,506,fr FRA,GK,fr Ligue 1,24-131,2001.0,17.0,0,0,0,,0.0,0.0,,,0,0,639,fr FRA,GK,fr Ligue 1,24-131,2001.0,17,1530,90,68.0,17.0,17,90.0,17,0,,7,2.29,33,13,20,1.18,-0.32,506,fr FRA,GK,fr Ligue 1,24-131,2001.0,17.0,0,0,0,0,1,0,0,0,0,0,1.8823529411764706,2.5294117647058822,False,2,-1.653269337076648,0.47404397666086995,1.8319938610725646,-1.6198898966281186,-1.968591638045439,-3.5030193429672973,-0.672179571363375
Edoardo Corvi,it ITA,GK,Parma,it Serie A,24.0,2001.0,16,16,1440,16.0,0,0,0,0,0,0,1,0,0.0,24.0,it ITA,GK,it Serie A,24-359,2001.0,16.0,16.0,1440.0,16.0,18.0,1.13,59.0,43.0,74.6,7.0,4.0,5.0,6.0,37.5,3.0,3.0,0.0,0.0,552,it ITA,GK,it Serie A,24-359,2001.0,16.0,0,0,0,,0.0,0.0,,,0,0,699,it ITA,GK,it Serie A,24-359,2001.0,16,1440,90,55.2,16.0,16,90.0,16,0,,13,1.56,13,18,-5,-0.31,0.46,552,it ITA,GK,it Serie A,24-359,2001.0,16.0,1,0,0,0,5,0,0,0,0,0,2.6875,3.6875,False,2,-0.6712342516402056,0.8755039839956178,0.713684622903963,-0.20544948035747274,-0.4506313521924699,-1.2663954237119144,0.5621221388534552
Grégoire Coudert,fr FRA,GK,Brest,fr Ligue 1,26.0,1999.0,17,16,1472,16.4,0,0,0,0,0,0,0,0,0.0,25.0,fr FRA,GK,fr Ligue 1,26-348,1999.0,17.0,16.0,1472.0,16.4,21.0,1.28,69.0,50.0,71.0,9.0,2.0,5.0,6.0,37.5,2.0,1.0,1.0,0.0,557,fr FRA,GK,fr Ligue 1,26-348,1999.0,16.4,0,0,0,,0.0,0.0,,,0,0,706,fr FRA,GK,fr Ligue 1,26-348,1999.0,17,1472,87,62.9,16.4,16,90.0,16,1,32.0,9,1.71,25,21,4,0.24,0.87,557,fr FRA,GK,fr Ligue 1,26-348,1999.0,16.4,0,0,0,0,6,0,0,0,0,0,3.048780487804878,4.207317073170732,False,0,-0.2731119197065122,0.2974015734335818,0.713684622903963,0.4292292630609962,0.23071714003282406,-0.3093509091757094,0.727544545122692
Thibaut Courtois,be BEL,GK,Real Madrid,es La Liga,33.0,1992.0,28,28,2520,28.0,0,0,0,0,0,0,1,0,0.0,26.0,be BEL,GK,es La Liga,33-310,1992.0,28.0,28.0,2520.0,28.0,24.0,0.86,78.0,58.0,74.4,21.0,3.0,4.0,11.0,39.3,4.0,4.0,0.0,0.0,567,be BEL,GK,es La Liga,33-310,1992.0,28.0,0,0,0,,0.0,0.0,,,0,0,717,be BEL,GK,es La Liga,33-310,1992.0,28,2520,90,100.0,28.0,28,90.0,28,0,,0,2.36,60,24,36,1.29,,567,be BEL,GK,es La Liga,33-310,1992.0,28.0,1,0,0,1,2,0,0,0,1,0,2.0714285714285716,2.7857142857142856,False,2,-1.3878544491208529,0.8433871834088398,0.8443960923002928,-1.287731677543035,-1.63264396480451,-2.6978892537336168,-0.3514628792553879
Finn Dahmen,de GER,GK,Augsburg,de Bundesliga,27.0,1998.0,26,26,2340,26.0,0,0,0,0,0,0,1,0,0.0,28.0,de GER,GK,de Bundesliga,27-355,1998.0,26.0,26.0,2340.0,26.0,45.0,1.73,109.0,71.0,64.2,9.0,4.0,13.0,5.0,19.2,7.0,6.0,1.0,0.0,588,de GER,GK,de Bundesliga,27-355,1998.0,26.0,0,1,0,0.0,0.04,0.0,0.0,,0,0,744,de GER,GK,de Bundesliga,27-355,1998.0,26,2340,90,100.0,26.0,26,90.0,26,0,,0,1.19,31,45,-14,-0.54,,588,de GER,GK,de Bundesliga,27-355,1998.0,26.0,1,0,0,0,4,0,0,0,0,0,2.730769230769231,4.1923076923076925,False,1,0.9212550760945667,-0.7945696465169318,-0.6152153159587261,-0.1294363494514632,0.21104364420497837,1.089085379502538,-0.8387262584426834
Rémy Descamps,fr FRA,GK,Lyon,fr Ligue 1,29.0,1996.0,5,5,450,5.0,0,0,0,0,0,0,0,0,0.0,32.0,fr FRA,GK,fr Ligue 1,29-265,1996.0,5.0,5.0,450.0,5.0,3.0,0.6,17.0,14.0,82.4,3.0,1.0,1.0,4.0,80.0,0.0,0.0,0.0,0.0,640,fr FRA,GK,fr Ligue 1,29-265,1996.0,5.0,0,0,0,,0.0,0.0,,,0,0,805,fr FRA,GK,fr Ligue 1,29-265,1996.0,5,450,90,19.2,5.0,5,90.0,5,0,,16,2.0,6,3,3,0.6,0.12,640,fr FRA,GK,fr Ligue 1,29-265,1996.0,5.0,0,0,0,0,0,0,0,0,0,1,2.8,3.4,False,2,-2.0779331578059206,2.1280592068800326,3.799927650317312,-0.007815340001848574,-0.8274710168073975,-4.0088376774833225,2.237729566628469
Michele Di Gregorio,it ITA,GK,Juventus,it Serie A,28.0,1997.0,23,23,2070,23.0,0,0,0,0,0,0,1,0,0.0,33.0,it ITA,GK,it Serie A,28-233,1997.0,23.0,23.0,2070.0,23.0,22.0,0.96,67.0,46.0,68.7,12.0,7.0,4.0,9.0,39.1,2.0,1.0,0.0,1.0,645,it ITA,GK,it Serie A,28-233,1997.0,23.0,0,0,0,,0.0,0.0,,,0,0,811,it ITA,GK,it Serie A,28-233,1997.0,23,2070,90,79.3,23.0,23,90.0,23,0,,6,1.87,41,22,19,0.83,0.16,645,it ITA,GK,it Serie A,28-233,1997.0,23.0,1,0,0,0,5,0,0,0,0,0,2.0,2.9130434782608696,False,2,-1.1224395611650575,-0.07194163331438573,0.8298725957007008,-1.4132136714196224,-1.4657476510133993,-2.240939744098565,-1.0226230327889883
Mory Diaw,sn SEN,GK,Le Havre,fr Ligue 1,32.0,1993.0,22,22,1935,21.5,0,1,1,0,0,0,1,0,0.05,34.0,sn SEN,GK,fr Ligue 1,32-268,1993.0,22.0,22.0,1935.0,21.5,29.0,1.35,80.0,56.0,68.8,5.0,7.0,10.0,6.0,27.3,5.0,4.0,1.0,0.0,662,sn SEN,GK,fr Ligue 1,32-268,1993.0,21.5,0,0,0,,0.0,0.0,,,0,0,833,sn SEN,GK,fr Ligue 1,32-268,1993.0,22,1935,88,82.7,21.5,22,88.0,21,0,,1,1.0,16,29,-13,-0.6,-0.83,662,sn SEN,GK,fr Ligue 1,32-268,1993.0,21.5,1,0,0,0,4,0,0,2,0,0,2.604651162790698,3.7209302325581395,False,0,-0.08732149813745531,-0.05588323302099673,-0.027013703675240766,-0.3509940023247928,-0.4068127865395714,-0.3510434925709041,-0.3796778246201464
Stole Dimitrievski,mk MKD,GK,Valencia,es La Liga,32.0,1993.0,10,10,900,10.0,0,0,0,0,0,0,0,0,0.0,35.0,mk MKD,GK,es La Liga,32-082,1993.0,10.0,10.0,900.0,10.0,12.0,1.2,33.0,24.0,72.7,5.0,1.0,4.0,3.0,30.0,3.0,3.0,0.0,0.0,676,mk MKD,GK,es La Liga,32-082,1993.0,10.0,0,0,0,,0.0,0.0,,,0,0,849,mk MKD,GK,es La Liga,32-082,1993.0,10,900,90,35.7,10.0,10,90.0,10,0,,15,1.6,13,12,1,0.1,0.82,676,mk MKD,GK,es La Liga,32-082,1993.0,10.0,0,0,0,0,2,0,0,0,0,0,2.4,3.3,False,2,-0.48544383007114866,0.5703943784212108,0.1690535004192543,-0.7105145057107355,-0.958545682760416,-1.2531957411901362,-0.26448420160010705
Yehvann Diouf,sn SEN,GK,Nice,fr Ligue 1,26.0,1999.0,18,18,1620,18.0,0,0,0,0,0,0,1,0,0.0,36.0,sn SEN,GK,fr Ligue 1,26-121,1999.0,18.0,18.0,1620.0,18.0,33.0,1.83,91.0,63.0,68.1,6.0,2.0,10.0,3.0,16.7,6.0,4.0,1.0,1.0,688,sn SEN,GK,fr Ligue 1,26-121,1999.0,18.0,0,0,0,,0.0,0.0,,,0,0,862,sn SEN,GK,fr Ligue 1,26-121,1999.0,18,1620,90,69.2,18.0,18,90.0,18,0,,6,1.11,21,33,-12,-0.67,-0.17,688,sn SEN,GK,fr Ligue 1,26-121,1999.0,18.0,1,0,0,0,3,0,0,0,0,0,3.5,5.055555555555555,False,0,1.1866699640503624,-0.1682920350747266,-0.796759023453629,1.221908199988704,1.3425428973036826,2.198266246120958,0.6984318521644144
Matías Dituro,ar ARG,GK,Elche,es La Liga,38.0,1987.0,12,12,1080,12.0,0,0,0,0,0,0,1,0,0.0,37.0,ar ARG,GK,es La Liga,38-313,1987.0,12.0,12.0,1080.0,12.0,17.0,1.42,48.0,34.0,70.8,2.0,7.0,3.0,2.0,16.7,3.0,3.0,0.0,0.0,691,ar ARG,GK,es La Liga,38-313,1987.0,12.0,0,0,0,,0.0,0.0,,,0,0,865,ar ARG,GK,es La Liga,38-313,1987.0,12,1080,90,42.9,12.0,12,90.0,12,0,,16,1.08,15,17,-2,-0.17,0.27,691,ar ARG,GK,es La Liga,38-313,1987.0,12.0,1,0,0,0,5,0,0,0,0,0,2.8333333333333335,4.0,False,0,0.09846892343160102,0.2652847728468015,-0.796759023453629,0.05074292380722592,-0.04102302108928781,0.3593322871667825,0.020705148014849586
Marko Dmitrović,rs SRB,GK,Espanyol,es La Liga,34.0,1992.0,28,28,2520,28.0,0,0,0,0,0,0,0,0,0.0,38.0,rs SRB,GK,es La Liga,34-052,1992.0,28.0,28.0,2520.0,28.0,42.0,1.5,131.0,94.0,71.8,10.0,7.0,11.0,7.0,25.0,5.0,5.0,0.0,0.0,695,rs SRB,GK,es La Liga,34-052,1992.0,28.0,0,0,0,,0.0,0.0,,,0,0,869,rs SRB,GK,es La Liga,34-052,1992.0,28,2520,90,100.0,28.0,28,90.0,28,0,,0,1.32,35,42,-7,-0.25,,695,rs SRB,GK,es La Liga,34-052,1992.0,28.0,0,0,0,0,4,0,0,0,2,0,3.357142857142857,4.678571428571429,False,0,0.31080083379623746,0.42586877578070065,-0.19403391457055147,0.9709442122355303,0.8484122121633365,0.917911774661011,1.0624984909037285
Maxime Dupé,fr FRA,GK,Nice,fr Ligue 1,33.0,1993.0,8,8,720,8.0,0,0,0,0,0,0,0,0,0.0,41.0,fr FRA,GK,fr Ligue 1,33-013,1993.0,8.0,8.0,720.0,8.0,15.0,1.87,32.0,20.0,62.5,1.0,4.0,3.0,1.0,12.5,3.0,3.0,0.0,0.0,732,fr FRA,GK,fr Ligue 1,33-013,1993.0,8.0,0,0,0,,0.0,0.0,,,0,0,916,fr FRA,GK,fr Ligue 1,33-013,1993.0,8,720,90,30.8,8.0,8,90.0,8,0,,18,0.88,11,15,-4,-0.5,0.17,732,fr FRA,GK,fr Ligue 1,33-013,1993.0,8.0,0,0,0,0,1,0,0,0,0,0,2.5,4.0,False,1,1.2928359192326806,-1.0675624515045607,-1.1017524520450659,-0.5348397142835135,-0.04102302108928781,1.332043671044208,-1.524903755241077
Aarón Escandell,es ESP,GK,Oviedo,es La Liga,30.0,1995.0,28,28,2520,28.0,0,0,0,0,0,0,2,0,0.0,43.0,es ESP,GK,es La Liga,30-171,1995.0,28.0,28.0,2520.0,28.0,44.0,1.57,158.0,120.0,74.7,4.0,9.0,15.0,7.0,25.0,6.0,4.0,2.0,0.0,788,es ESP,GK,es La Liga,30-171,1995.0,28.0,0,0,0,,0.0,0.0,,,0,0,981,es ESP,GK,es La Liga,30-171,1995.0,28,2520,90,100.0,28.0,28,90.0,28,0,,0,0.75,18,44,-26,-0.93,,788,es ESP,GK,es La Liga,30-171,1995.0,28.0,2,0,0,1,7,0,0,0,0,0,4.285714285714286,5.642857142857143,False,0,0.4965912553652944,0.891562384289009,-0.19403391457055147,2.6022101326311606,2.112346490996013,2.1094933047150657,2.765079425642219
Wladimiro Falcone,it ITA,GK,Lecce,it Serie A,30.0,1995.0,29,29,2610,29.0,0,0,0,0,0,0,2,0,0.0,44.0,it ITA,GK,it Serie A,30-339,1995.0,29.0,29.0,2610.0,29.0,39.0,1.34,114.0,81.0,69.3,7.0,6.0,16.0,8.0,27.6,6.0,4.0,2.0,0.0,815,it ITA,GK,it Serie A,30-339,1995.0,29.0,0,0,0,,0.0,0.0,,,0,0,1016,it ITA,GK,it Serie A,30-339,1995.0,29,2610,90,100.0,29.0,29,90.0,29,0,,0,0.93,21,39,-18,-0.62,,815,it ITA,GK,it Serie A,30-339,1995.0,29.0,2,0,0,0,7,0,0,0,2,0,2.793103448275862,3.9310344827586206,False,0,-0.11386298693303486,0.02440876844595283,-0.0052284587758523685,-0.019930842858897985,-0.13141934243619716,-0.1407054171533455,-0.017984490329105846
Jonathan Fischer,dk DEN,GK,Metz,fr Ligue 1,24.0,2001.0,26,25,2264,25.2,0,0,0,0,0,0,0,0,0.0,46.0,dk DEN,GK,fr Ligue 1,24-128,2001.0,26.0,25.0,2264.0,25.2,56.0,2.23,137.0,88.0,63.5,3.0,4.0,18.0,4.0,16.0,7.0,6.0,1.0,0.0,844,dk DEN,GK,fr Ligue 1,24-128,2001.0,25.2,0,0,0,,0.0,0.0,,,0,0,1059,dk DEN,GK,fr Ligue 1,24-128,2001.0,26,2264,87,96.8,25.2,25,90.0,25,1,14.0,0,0.5,25,56,-31,-1.23,3.5,844,dk DEN,GK,fr Ligue 1,24-128,2001.0,25.2,0,0,0,0,4,0,0,0,0,0,3.492063492063492,5.436507936507937,False,1,2.2483295158735435,-0.9069784485706617,-0.8475912615522018,1.2079657562246389,1.8418749580770861,3.2626714250051085,0.138744205128289
Mark Flekken,nl NED,GK,Leverkusen,de Bundesliga,32.0,1993.0,17,17,1499,16.7,0,0,0,0,0,0,2,0,0.0,47.0,nl NED,GK,de Bundesliga,32-277,1993.0,17.0,17.0,1499.0,16.7,25.0,1.5,81.0,59.0,72.8,9.0,2.0,6.0,4.0,23.5,3.0,3.0,0.0,0.0,846,nl NED,GK,de Bundesliga,32-277,1993.0,16.7,0,0,0,,0.0,0.0,,,0,0,1062,nl NED,GK,de Bundesliga,32-277,1993.0,17,1499,88,64.1,16.7,17,88.0,16,0,,0,1.71,34,25,9,0.54,-0.21,846,nl NED,GK,de Bundesliga,32-277,1993.0,16.7,2,0,0,0,3,0,0,0,0,0,3.532934131736527,4.850299401197605,False,0,0.31080083379623746,0.5864527787145998,-0.3029601390674932,1.2797651672252144,1.073504078630987,1.1489868090354627,1.4148083088459396
Joan García,es ESP,GK,Barcelona,es La Liga,24.0,2001.0,22,22,1980,22.0,0,0,0,0,0,0,1,0,0.0,48.0,es ESP,GK,es La Liga,24-317,2001.0,22.0,22.0,1980.0,22.0,17.0,0.77,74.0,59.0,79.7,19.0,1.0,2.0,11.0,50.0,2.0,2.0,0.0,0.0,911,es ESP,GK,es La Liga,24-317,2001.0,22.0,0,0,0,,0.0,0.0,,,0,0,1146,es ESP,GK,es La Liga,24-317,2001.0,22,1980,90,78.6,22.0,22,90.0,22,0,,0,2.64,64,17,47,2.14,1.8,911,es ESP,GK,es La Liga,24-317,2001.0,22.0,1,0,0,0,4,0,0,0,3,0,2.6818181818181817,3.3636363636363638,False,2,-1.6267278482810685,1.6944823989585047,1.6214031603784773,-0.21543100259765607,-0.8751345316994039,-2.6817235123229506,1.3165312859878964
Paulo Gazzaniga,ar ARG,GK,Girona,es La Liga,34.0,1992.0,25,25,2202,24.5,0,0,0,0,0,0,4,1,0.0,49.0,ar ARG,GK,es La Liga,34-074,1992.0,25.0,25.0,2202.0,24.5,35.0,1.43,118.0,87.0,73.7,8.0,9.0,8.0,5.0,20.0,5.0,4.0,0.0,1.0,924,ar ARG,GK,es La Liga,34-074,1992.0,24.5,0,0,0,,0.0,0.0,,,0,0,1163,ar ARG,GK,es La Liga,34-074,1992.0,25,2202,88,87.4,24.5,25,88.0,24,0,,2,1.32,29,35,-6,-0.25,1.45,924,ar ARG,GK,es La Liga,34-074,1992.0,24.5,4,1,0,1,5,0,0,0,0,0,3.5510204081632653,4.816326530612245,False,0,0.12501041222718057,0.73097838135511,-0.5571213295603572,1.3115381956148375,1.0289742519965757,1.1181254015471855,1.5080548048310845
David de Gea,es ESP,GK,Fiorentina,it Serie A,35.0,1990.0,29,29,2610,29.0,0,0,0,0,0,0,0,0,0.0,50.0,es ESP,GK,it Serie A,35-130,1990.0,29.0,29.0,2610.0,29.0,43.0,1.48,121.0,84.0,68.6,6.0,10.0,13.0,5.0,17.2,6.0,5.0,1.0,0.0,927,es ESP,GK,it Serie A,35-130,1990.0,29.0,0,0,0,,0.0,0.0,,,0,0,1166,es ESP,GK,it Serie A,35-130,1990.0,29,2610,90,100.0,29.0,29,90.0,29,0,,0,0.97,34,43,-9,-0.31,,927,es ESP,GK,it Serie A,35-130,1990.0,29.0,0,0,0,0,4,0,0,0,0,0,2.896551724137931,4.172413793103448,False,0,0.25771785620507837,-0.08800003360777701,-0.7604502819546485,0.16180169999684865,0.18496778227798524,0.6855043752592626,-0.08900180123417738
Kamil Grabara,pl POL,GK,Wolfsburg,de Bundesliga,27.0,1999.0,26,26,2340,26.0,0,0,0,0,0,0,1,0,0.0,51.0,pl POL,GK,de Bundesliga,27-068,1999.0,26.0,26.0,2340.0,26.0,56.0,2.15,140.0,92.0,63.6,5.0,6.0,15.0,1.0,3.8,9.0,5.0,3.0,1.0,993,pl POL,GK,de Bundesliga,27-068,1999.0,26.0,0,1,0,0.0,0.04,0.0,0.0,,0,0,1247,pl POL,GK,de Bundesliga,27-068,1999.0,26,2340,90,100.0,26.0,26,90.0,26,0,,0,0.81,35,56,-21,-0.81,,993,pl POL,GK,de Bundesliga,27-068,1999.0,26.0,1,0,0,0,1,0,0,0,1,0,3.5384615384615383,5.384615384615385,False,1,2.035997605508907,-0.8909200482772716,-1.7335245541273276,1.2894754274607123,1.7738569690294272,3.566194956698126,0.0627594712573736
Dominik Greif,sk SVK,GK,Lyon,fr Ligue 1,28.0,1997.0,21,21,1890,21.0,0,1,1,0,0,0,1,0,0.05,52.0,sk SVK,GK,fr Ligue 1,28-345,1997.0,21.0,21.0,1890.0,21.0,24.0,1.14,74.0,53.0,68.9,11.0,4.0,6.0,9.0,42.9,3.0,1.0,2.0,0.0,1001,sk SVK,GK,fr Ligue 1,28-345,1997.0,21.0,0,0,0,,0.0,0.0,,,0,0,1259,sk SVK,GK,fr Ligue 1,28-345,1997.0,21,1890,90,80.8,21.0,21,90.0,21,0,,4,1.76,34,24,10,0.48,-0.12,1001,sk SVK,GK,fr Ligue 1,28-345,1997.0,21.0,1,0,0,0,4,0,0,0,0,0,2.5238095238095237,3.5238095238095237,False,2,-0.6446927628446261,-0.03982483272760545,1.105819031092953,-0.49301238299131805,-0.6651880970560416,-1.3889671819205833,-0.21510401282025843
Péter Gulácsi,hu HUN,GK,RB Leipzig,de Bundesliga,35.0,1990.0,22,22,1918,21.3,0,0,0,0,0,0,1,0,0.0,53.0,hu HUN,GK,de Bundesliga,35-315,1990.0,22.0,22.0,1918.0,21.3,28.0,1.31,78.0,51.0,66.7,12.0,4.0,6.0,9.0,40.9,2.0,2.0,0.0,0.0,1037,hu HUN,GK,de Bundesliga,35-315,1990.0,21.3,0,0,0,,0.0,0.0,,,0,0,1299,hu HUN,GK,de Bundesliga,35-315,1990.0,22,1918,87,82.0,21.3,22,87.0,21,0,,0,1.82,40,28,12,0.56,0.35,1037,hu HUN,GK,de Bundesliga,35-315,1990.0,21.3,1,0,0,0,0,0,0,0,0,0,2.3943661971830985,3.6619718309859155,False,2,-0.19348745331977354,-0.393109639182184,0.9605840650970306,-0.720411677058748,-0.4840923144516031,-0.9595516624341,-0.6470326762501799
Sergio Herrera,es ESP,GK,Osasuna,es La Liga,32.0,1993.0,28,28,2520,28.0,0,0,0,0,0,0,3,0,0.0,58.0,es ESP,GK,es La Liga,32-285,1993.0,28.0,28.0,2520.0,28.0,35.0,1.25,124.0,96.0,77.4,9.0,7.0,12.0,6.0,21.4,7.0,7.0,0.0,0.0,1094,es ESP,GK,es La Liga,32-285,1993.0,28.0,0,0,0,,0.0,0.0,,,0,0,1370,es ESP,GK,es La Liga,32-285,1993.0,28,2520,90,100.0,28.0,28,90.0,28,0,,0,1.21,33,35,-2,-0.07,,1094,es ESP,GK,es La Liga,32-285,1993.0,28.0,3,0,0,2,4,0,0,0,0,0,3.4285714285714284,4.428571428571429,False,0,-0.35273638609325086,1.325139192210537,-0.4554568533632117,1.0964262061121168,0.5207255472807908,0.30129166313544736,1.7072363846550052
Daniel Heuer Fernandes,pt POR,GK,Hamburger SV,de Bundesliga,33.0,1992.0,26,26,2340,26.0,0,0,0,0,0,0,3,0,0.0,59.0,pt POR,GK,de Bundesliga,33-124,1992.0,26.0,26.0,2340.0,26.0,37.0,1.42,106.0,75.0,68.9,7.0,9.0,10.0,6.0,23.1,6.0,4.0,2.0,0.0,1098,pt POR,GK,de Bundesliga,33-124,1992.0,26.0,0,1,0,0.0,0.04,0.0,0.0,,0,0,1375,pt POR,GK,de Bundesliga,33-124,1992.0,26,2340,90,100.0,26.0,26,90.0,26,0,,0,1.15,29,37,-8,-0.31,,1098,pt POR,GK,de Bundesliga,33-124,1992.0,26.0,3,0,0,0,4,0,0,0,0,0,2.8846153846153846,4.076923076923077,False,0,0.09846892343160102,-0.03982483272760545,-0.33200713226667755,0.14083256043657008,0.059803645028418194,0.306122875254923,-0.0011267896870899355
Lukáš Hrádecký,fi FIN,GK,Monaco,fr Ligue 1,36.0,1989.0,9,9,719,8.0,0,0,0,0,0,0,0,0,0.0,60.0,fi FIN,GK,fr Ligue 1,36-113,1989.0,9.0,9.0,719.0,8.0,10.0,1.25,30.0,22.0,73.3,4.0,0.0,5.0,2.0,22.2,3.0,2.0,0.0,1.0,1123,fi FIN,GK,fr Ligue 1,36-113,1989.0,8.0,0,0,0,,0.0,0.0,,,0,0,1402,fi FIN,GK,fr Ligue 1,36-113,1989.0,9,719,80,30.7,8.0,9,80.0,7,0,,0,1.33,9,10,-1,-0.13,-0.62,1123,fi FIN,GK,fr Ligue 1,36-113,1989.0,8.0,0,0,0,0,0,0,0,0,1,0,2.75,3.75,False,0,-0.35273638609325086,0.6667447801815494,-0.39736286696484274,-0.09565273571545914,-0.3687096859718335,-0.4145444714776642,0.2494869321839547
Franco Israel,uy URU,GK,Torino,it Serie A,25.0,2000.0,9,9,810,9.0,0,0,0,0,0,0,1,0,0.0,61.0,uy URU,GK,it Serie A,25-329,2000.0,9.0,9.0,810.0,9.0,18.0,2.0,40.0,24.0,60.0,2.0,2.0,5.0,3.0,33.3,2.0,2.0,0.0,0.0,1171,uy URU,GK,it Serie A,25-329,2000.0,9.0,0,0,0,,0.0,0.0,,,0,0,1455,uy URU,GK,it Serie A,25-329,2000.0,9,810,90,31.0,9.0,9,90.0,9,0,,16,0.89,9,18,-9,-1.0,-0.55,1171,uy URU,GK,it Serie A,25-329,2000.0,9.0,1,0,0,0,3,0,0,0,0,0,2.6666666666666665,4.444444444444445,False,1,1.6378752735752142,-1.4690224588393086,0.4086911943125259,-0.2420483952381442,0.5415310498130159,1.3059576374136708,-1.2035740647213826
Luiz Lúcio Reis Júnior,br BRA,GK,Villarreal,es La Liga,25.0,2001.0,25,25,2250,25.0,0,0,0,0,0,0,3,0,0.0,66.0,br BRA,GK,es La Liga,25-062,2001.0,25.0,25.0,2250.0,25.0,27.0,1.08,83.0,62.0,73.5,16.0,3.0,6.0,8.0,32.0,6.0,5.0,1.0,0.0,1227,br BRA,GK,es La Liga,25-062,2001.0,25.0,0,0,0,,0.0,0.0,,,0,0,1525,br BRA,GK,es La Liga,25-062,2001.0,25,2250,90,89.3,25.0,25,90.0,25,0,,3,2.04,46,27,19,0.76,1.09,1227,br BRA,GK,es La Liga,25-062,2001.0,25.0,3,0,0,2,4,0,0,1,0,0,2.48,3.32,False,2,-0.8039416956181028,0.6988615807683296,0.3142884664151766,-0.569974672568958,-0.9323307495698123,-1.4699066999636754,0.012613852354606016
Gregor Kobel,ch SUI,GK,Dortmund,de Bundesliga,28.0,1997.0,26,26,2340,26.0,0,0,0,0,0,0,2,0,0.0,70.0,ch SUI,GK,de Bundesliga,28-101,1997.0,26.0,26.0,2340.0,26.0,26.0,1.0,89.0,66.0,74.2,17.0,7.0,2.0,12.0,46.2,3.0,3.0,0.0,0.0,1307,ch SUI,GK,de Bundesliga,28-101,1997.0,26.0,0,0,0,,0.0,0.0,,,0,0,1628,ch SUI,GK,de Bundesliga,28-101,1997.0,26,2340,90,100.0,26.0,26,90.0,26,0,,0,2.23,55,26,29,1.12,,1307,ch SUI,GK,de Bundesliga,28-101,1997.0,26.0,2,0,0,0,5,0,0,0,0,0,2.5384615384615383,3.423076923076923,False,2,-1.0162736059827393,0.8112703828220594,1.345456724986225,-0.4672724868115054,-0.7972230169720858,-2.011138523026753,0.4311328731866605
Hervé Koffi,bf BFA,GK,Angers,fr Ligue 1,29.0,1996.0,23,23,2070,23.0,0,0,0,0,0,0,1,0,0.0,71.0,bf BFA,GK,fr Ligue 1,29-152,1996.0,23.0,23.0,2070.0,23.0,26.0,1.13,108.0,85.0,77.8,9.0,5.0,9.0,9.0,39.1,5.0,2.0,2.0,1.0,1310,bf BFA,GK,fr Ligue 1,29-152,1996.0,23.0,0,0,0,,0.0,0.0,,,0,0,1632,bf BFA,GK,fr Ligue 1,29-152,1996.0,23,2070,90,88.5,23.0,23,90.0,23,0,,0,1.39,21,26,-5,-0.22,1.12,1310,bf BFA,GK,fr Ligue 1,29-152,1996.0,23.0,1,0,0,1,9,0,0,0,1,0,3.6956521739130435,4.695652173913044,False,0,-0.6712342516402056,1.3893727933840954,0.8298725957007008,1.5656197484332683,0.8708007420621442,-0.16661032056798925,2.4650645542689182
Philipp Köhn,ch SUI,GK,Monaco,fr Ligue 1,27.0,1998.0,19,17,1621,18.0,0,0,0,0,0,0,1,0,0.0,72.0,ch SUI,GK,fr Ligue 1,27-349,1998.0,19.0,17.0,1621.0,18.0,27.0,1.5,73.0,48.0,65.8,9.0,4.0,4.0,5.0,29.4,2.0,2.0,0.0,0.0,1313,ch SUI,GK,fr Ligue 1,27-349,1998.0,18.0,0,0,0,,0.0,0.0,,,0,0,1635,ch SUI,GK,fr Ligue 1,27-349,1998.0,19,1621,85,69.3,18.0,17,90.0,17,2,46.0,7,1.79,36,27,9,0.5,0.62,1313,ch SUI,GK,fr Ligue 1,27-349,1998.0,18.0,1,0,0,0,3,0,0,1,0,0,2.6666666666666665,4.055555555555555,False,0,0.31080083379623746,-0.5376352418226941,0.12548301062047748,-0.2420483952381442,0.03179623777349986,0.1937607337872062,-0.5316417556960787
Nicola Leali,it ITA,GK,Genoa,it Serie A,33.0,1993.0,20,20,1712,19.0,0,0,0,0,0,0,2,1,0.0,75.0,it ITA,GK,it Serie A,33-028,1993.0,20.0,20.0,1712.0,19.0,26.0,1.37,79.0,55.0,69.6,4.0,8.0,8.0,4.0,20.0,2.0,2.0,0.0,0.0,1399,it ITA,GK,it Serie A,33-028,1993.0,19.0,0,0,0,,0.0,0.0,,,0,0,1746,it ITA,GK,it Serie A,33-028,1993.0,20,1712,86,65.6,19.0,20,86.0,19,0,,8,1.0,21,25,-4,-0.21,-0.21,1399,it ITA,GK,it Serie A,33-028,1993.0,19.0,2,1,0,2,2,0,0,1,0,0,2.8947368421052633,4.157894736842105,False,0,-0.03423852054629618,0.07258396932612211,-0.5571213295603572,0.15861340977130942,0.165936977783899,0.3716839630526464,0.10945237232541438
Donovan Léon,gf GUF,GK,Auxerre,fr Ligue 1,33.0,1992.0,24,24,2114,23.5,0,0,0,0,0,0,0,1,0.0,77.0,gf GUF,GK,fr Ligue 1,33-134,1992.0,24.0,24.0,2114.0,23.5,32.0,1.36,112.0,82.0,72.3,4.0,7.0,13.0,6.0,25.0,2.0,1.0,1.0,0.0,1416,gf GUF,GK,fr Ligue 1,33-134,1992.0,23.5,0,0,0,,0.0,0.0,,,0,0,1771,gf GUF,GK,fr Ligue 1,33-134,1992.0,24,2114,88,90.3,23.5,24,88.0,23,0,,0,0.79,18,32,-14,-0.6,0.6,1416,gf GUF,GK,fr Ligue 1,33-134,1992.0,23.5,0,1,0,1,6,0,0,0,2,0,3.4893617021276597,4.76595744680851,False,0,-0.060780009341875746,0.5061607772476502,-0.19403391457055147,1.2032193923900638,0.9629531436572348,0.834586454704073,1.3816985359478002
Anthony Lopes,pt POR,GK,Nantes,fr Ligue 1,35.0,1990.0,24,24,2158,24.0,0,0,0,0,0,0,3,0,0.0,78.0,pt POR,GK,fr Ligue 1,35-167,1990.0,24.0,24.0,2158.0,24.0,40.0,1.67,112.0,75.0,67.0,4.0,4.0,16.0,4.0,16.7,3.0,3.0,0.0,0.0,1453,pt POR,GK,fr Ligue 1,35-167,1990.0,24.0,0,1,0,0.0,0.04,0.0,0.0,,0,0,1820,pt POR,GK,fr Ligue 1,35-167,1990.0,24,2158,90,95.9,24.0,24,90.0,23,0,,0,0.67,21,41,-20,-0.83,-0.83,1453,pt POR,GK,fr Ligue 1,35-167,1990.0,24.0,3,0,0,0,13,0,0,1,1,0,3.125,4.666666666666667,False,0,0.7620061433210894,-0.3449344383020147,-0.796759023453629,0.5631277321366225,0.8328080852641677,1.5249650938666302,0.09837749840336572
Pau López,es ESP,GK,Real Betis,es La Liga,31.0,1994.0,8,8,720,8.0,0,0,0,0,0,0,1,0,0.0,79.0,es ESP,GK,es La Liga,31-094,1994.0,8.0,8.0,720.0,8.0,9.0,1.13,33.0,25.0,72.7,4.0,2.0,2.0,2.0,25.0,1.0,0.0,1.0,0.0,1464,es ESP,GK,es La Liga,31-094,1994.0,8.0,0,0,0,,0.0,0.0,,,0,0,1833,es ESP,GK,es La Liga,31-094,1994.0,8,720,90,28.6,8.0,8,90.0,8,0,,14,1.75,12,9,3,0.37,0.13,1464,es ESP,GK,es La Liga,31-094,1994.0,8.0,1,0,0,0,2,0,0,0,0,0,3.125,4.125,False,0,-0.6712342516402056,0.5703943784212108,-0.19403391457055147,0.5631277321366225,0.12282031135198503,-0.1721217242129805,0.873659632779113
Mike Maignan,fr FRA,GK,Milan,it Serie A,30.0,1995.0,28,28,2485,27.6,0,0,0,0,0,0,3,0,0.0,80.0,fr FRA,GK,it Serie A,30-257,1995.0,28.0,28.0,2485.0,27.6,21.0,0.76,89.0,74.0,80.9,16.0,9.0,3.0,12.0,42.9,7.0,4.0,2.0,1.0,1516,fr FRA,GK,it Serie A,30-257,1995.0,27.6,0,0,0,,0.0,0.0,,,0,0,1898,fr FRA,GK,it Serie A,30-257,1995.0,28,2485,89,95.2,27.6,28,89.0,27,0,,0,2.04,40,21,19,0.69,-2.19,1516,fr FRA,GK,it Serie A,30-257,1995.0,27.6,3,0,0,0,6,0,0,1,0,0,2.681159420289855,3.22463768115942,False,2,-1.653269337076648,1.8871832024791841,1.105819031092953,-0.21658828053854673,-1.0573265904351545,-2.5961112458453366,1.2881375897523104
Radosław Majecki,pl POL,GK,Brest,fr Ligue 1,26.0,1999.0,10,10,864,9.6,0,0,0,0,0,0,0,1,0.0,81.0,pl POL,GK,fr Ligue 1,26-121,1999.0,10.0,10.0,864.0,9.6,18.0,1.87,43.0,26.0,60.5,1.0,4.0,5.0,3.0,30.0,1.0,1.0,0.0,0.0,1521,pl POL,GK,fr Ligue 1,26-121,1999.0,9.6,0,0,0,,0.0,0.0,,,0,0,1903,pl POL,GK,fr Ligue 1,26-121,1999.0,10,864,86,36.9,9.6,10,86.0,9,0,,10,0.7,9,15,-6,-0.62,-0.87,1521,pl POL,GK,fr Ligue 1,26-121,1999.0,9.6,0,1,0,1,1,0,0,0,0,0,2.7083333333333335,4.479166666666667,False,1,1.2928359192326806,-1.3887304573723591,0.1690535004192543,-0.16885056547680127,0.5870430866022585,1.2614096023229278,-1.0554895434637221
Alex Meret,it ITA,GK,Napoli,it Serie A,28.0,1997.0,9,9,810,9.0,0,1,1,0,0,0,1,0,0.11,86.0,it ITA,GK,it Serie A,28-360,1997.0,9.0,9.0,810.0,9.0,12.0,1.33,27.0,17.0,63.0,7.0,0.0,2.0,2.0,22.2,2.0,2.0,0.0,0.0,1655,it ITA,GK,it Serie A,28-360,1997.0,9.0,0,0,0,,0.0,0.0,,,0,0,2074,it ITA,GK,it Serie A,28-360,1997.0,9,810,90,31.0,9.0,9,90.0,9,0,,8,2.33,16,12,4,0.44,-0.11,1655,it ITA,GK,it Serie A,28-360,1997.0,9.0,1,0,0,1,1,0,0,0,0,0,1.8888888888888888,3.0,False,2,-0.14040447572861442,-0.9872704500376113,-0.39736286696484274,-1.6084078841165355,-1.3517696806194706,-0.8606457866908499,-2.1386212173112082
Vanja Milinković-Savić,rs SRB,GK,Napoli,it Serie A,29.0,1997.0,20,20,1800,20.0,0,0,0,0,0,0,0,0,0.0,87.0,rs SRB,GK,it Serie A,29-025,1997.0,20.0,20.0,1800.0,20.0,18.0,0.9,49.0,37.0,71.4,11.0,5.0,4.0,7.0,35.0,6.0,4.0,2.0,0.0,1674,rs SRB,GK,it Serie A,29-025,1997.0,20.0,0,0,0,,0.0,0.0,,,0,0,2102,rs SRB,GK,it Serie A,29-025,1997.0,20,1800,90,69.0,20.0,20,90.0,20,0,,7,1.9,29,18,11,0.55,0.11,1674,rs SRB,GK,it Serie A,29-025,1997.0,20.0,0,0,0,1,3,0,0,0,0,0,1.85,2.45,False,2,-1.2816884939385345,0.3616351746071424,0.5321409154090601,-1.6767258585604548,-2.0726803433610708,-2.713329688701837,-1.1367576468402198
Lorenzo Montipò,it ITA,GK,Hellas Verona,it Serie A,30.0,1996.0,26,26,2340,26.0,0,0,0,0,0,0,0,0,0.0,88.0,it ITA,GK,it Serie A,30-025,1996.0,26.0,26.0,2340.0,26.0,44.0,1.69,106.0,65.0,60.4,3.0,8.0,15.0,4.0,15.4,4.0,2.0,2.0,0.0,1711,it ITA,GK,it Serie A,30-025,1996.0,26.0,0,0,0,,0.0,0.0,,,0,0,2150,it ITA,GK,it Serie A,30-025,1996.0,26,2340,90,89.7,26.0,26,90.0,26,0,,3,0.65,21,44,-23,-0.88,1.12,1711,it ITA,GK,it Serie A,30-025,1996.0,26.0,0,0,0,0,5,0,0,0,0,0,2.5,4.076923076923077,False,1,0.8150891209122485,-1.4047888576657492,-0.8911617513509784,-0.5348397142835135,0.059803645028418194,1.1209874431684463,-1.5593261064016548
Arijanet Muric,xk KVX,GK,Sassuolo,it Serie A,27.0,1998.0,28,28,2520,28.0,0,0,0,0,0,0,4,0,0.0,91.0,xk KVX,GK,it Serie A,27-130,1998.0,28.0,28.0,2520.0,28.0,37.0,1.32,136.0,103.0,75.7,11.0,5.0,12.0,6.0,21.4,4.0,4.0,0.0,0.0,1758,xk KVX,GK,it Serie A,27-130,1998.0,28.0,0,0,0,,0.0,0.0,,,0,0,2209,xk KVX,GK,it Serie A,27-130,1998.0,28,2520,90,96.6,28.0,28,90.0,28,0,,1,1.36,35,37,-2,-0.07,1.93,1758,xk KVX,GK,it Serie A,27-130,1998.0,28.0,4,0,0,1,3,0,0,0,0,0,3.6785714285714284,4.857142857142857,False,0,-0.16694596452419397,1.0521463872229082,-0.4554568533632117,1.5356131846801713,1.0824741156508684,0.9246464884670623,1.9561945684799114
Yvon Mvogo,ch SUI,GK,Lorient,fr Ligue 1,31.0,1994.0,23,23,2070,23.0,0,0,0,0,0,0,0,0,0.0,93.0,ch SUI,GK,fr Ligue 1,31-284,1994.0,23.0,23.0,2070.0,23.0,32.0,1.39,80.0,52.0,65.0,8.0,10.0,5.0,4.0,17.4,5.0,4.0,0.0,1.0,1770,ch SUI,GK,fr Ligue 1,31-284,1994.0,23.0,0,0,0,,0.0,0.0,,,0,0,2221,ch SUI,GK,fr Ligue 1,31-284,1994.0,23,2070,90,88.5,23.0,23,90.0,23,0,,0,1.48,32,32,0,0.0,1.0,1770,ch SUI,GK,fr Ligue 1,31-284,1994.0,23.0,0,0,0,0,4,0,0,1,1,0,2.260869565217391,3.4782608695652173,False,1,0.01884445704486234,-0.666102444169813,-0.7459267853550563,-0.9549316068268703,-0.7248908434528615,-0.14555938530336707,-1.409494760458984
Manuel Neuer,de GER,GK,Bayern Munich,de Bundesliga,39.0,1986.0,19,19,1620,18.0,0,0,0,0,0,0,0,0,0.0,94.0,de GER,GK,de Bundesliga,39-355,1986.0,19.0,19.0,1620.0,18.0,17.0,0.94,42.0,26.0,61.9,16.0,3.0,0.0,6.0,31.6,1.0,1.0,0.0,0.0,1811,de GER,GK,de Bundesliga,39-355,1986.0,18.0,0,0,0,,0.0,0.0,,,0,0,2273,de GER,GK,de Bundesliga,39-355,1986.0,19,1620,85,69.2,18.0,19,85.0,17,0,,3,2.68,70,17,53,2.94,1.07,1811,de GER,GK,de Bundesliga,39-355,1986.0,18.0,0,0,0,0,2,0,0,0,0,0,1.4444444444444444,2.3333333333333335,False,2,-1.1755225387562167,-1.1639128532649006,0.28524147321599225,-2.389184734904188,-2.2256007869729255,-2.4250820168597524,-2.679188262961631
Moritz Nicolas,de GER,GK,Gladbach,de Bundesliga,28.0,1997.0,26,26,2340,26.0,0,0,0,0,0,0,0,0,0.0,95.0,de GER,GK,de Bundesliga,28-147,1997.0,26.0,26.0,2340.0,26.0,43.0,1.65,137.0,98.0,71.5,7.0,7.0,12.0,10.0,38.5,4.0,4.0,0.0,0.0,1832,de GER,GK,de Bundesliga,28-147,1997.0,26.0,0,0,0,,0.0,0.0,,,0,0,2294,de GER,GK,de Bundesliga,28-147,1997.0,26,2340,90,100.0,26.0,26,90.0,26,0,,0,1.08,30,43,-13,-0.5,,1832,de GER,GK,de Bundesliga,28-147,1997.0,26.0,0,0,0,0,2,0,0,0,1,0,3.769230769230769,5.269230769230769,False,0,0.7089231657299303,0.37769357490053135,0.7863021059019241,1.6948787922927626,1.6226169698528672,1.3259209470503974,1.8348364060014406
Obed Nkambadio,fr FRA,GK,Paris FC,fr Ligue 1,23.0,2003.0,11,11,990,11.0,0,0,0,0,0,0,0,0,0.0,96.0,fr FRA,GK,fr Ligue 1,23-038,2003.0,11.0,11.0,990.0,11.0,20.0,1.82,39.0,22.0,53.8,2.0,3.0,6.0,1.0,9.1,4.0,2.0,1.0,1.0,1839,fr FRA,GK,fr Ligue 1,23-038,2003.0,11.0,0,0,0,,0.0,0.0,,,0,0,2302,fr FRA,GK,fr Ligue 1,23-038,2003.0,11,990,90,42.3,11.0,11,90.0,11,0,,14,0.82,15,20,-5,-0.45,0.01,1839,fr FRA,GK,fr Ligue 1,23-038,2003.0,11.0,0,0,0,0,0,0,0,0,0,0,2.0,3.5454545454545454,False,1,1.1601284752547827,-2.4646432770294835,-1.3486518942381336,-1.4132136714196224,-0.6368169572393709,1.1676796389598711,-3.188339608634419
Alexander Nübel,de GER,GK,Stuttgart,de Bundesliga,29.0,1996.0,26,26,2340,26.0,0,1,1,0,0,0,0,0,0.04,97.0,de GER,GK,de Bundesliga,29-168,1996.0,26.0,26.0,2340.0,26.0,34.0,1.31,103.0,76.0,73.8,15.0,5.0,6.0,10.0,38.5,8.0,7.0,1.0,0.0,1853,de GER,GK,de Bundesliga,29-168,1996.0,26.0,0,0,0,,0.0,0.0,,,0,0,2318,de GER,GK,de Bundesliga,29-168,1996.0,26,2340,90,100.0,26.0,26,90.0,26,0,,0,1.92,51,34,17,0.65,,1853,de GER,GK,de Bundesliga,29-168,1996.0,26.0,0,0,0,0,7,0,0,1,0,0,2.923076923076923,3.9615384615384617,False,0,-0.19348745331977354,0.747036781648499,0.7863021059019241,0.20839978790857822,-0.09143635414814082,-0.6751537394881054,0.7633932766480819
Jan Oblak,si SVN,GK,Atlético Madrid,es La Liga,33.0,1993.0,26,26,2340,26.0,0,0,0,0,0,0,0,0,0.0,99.0,si SVN,GK,es La Liga,33-069,1993.0,26.0,26.0,2340.0,26.0,25.0,0.96,82.0,58.0,70.7,15.0,6.0,5.0,10.0,38.5,2.0,1.0,0.0,1.0,1875,si SVN,GK,es La Liga,33-069,1993.0,26.0,0,0,0,,0.0,0.0,,,0,0,2346,si SVN,GK,es La Liga,33-069,1993.0,26,2340,90,92.9,26.0,26,90.0,26,0,,0,1.96,45,25,20,0.77,-0.23,1875,si SVN,GK,es La Liga,33-069,1993.0,26.0,0,0,0,0,4,0,0,0,0,0,2.230769230769231,3.1538461538461537,False,2,-1.1224395611650575,0.2492263725534125,0.7863021059019241,-1.007810306587572,-1.150116348384058,-2.00734933704816,-0.46377574626147866
Maduka Okoye,ng NGA,GK,Udinese,it Serie A,26.0,1999.0,21,21,1806,20.1,0,0,0,0,0,0,1,1,0.0,100.0,ng NGA,GK,it Serie A,26-201,1999.0,21.0,21.0,1806.0,20.1,31.0,1.54,82.0,57.0,68.3,8.0,3.0,10.0,5.0,23.8,6.0,5.0,1.0,0.0,1890,ng NGA,GK,it Serie A,26-201,1999.0,20.1,0,0,0,,0.0,0.0,,,0,0,2367,ng NGA,GK,it Serie A,26-201,1999.0,21,1806,86,69.2,20.1,21,86.0,20,0,,1,1.29,25,26,-1,-0.05,0.85,1890,ng NGA,GK,it Serie A,26-201,1999.0,20.1,1,1,0,2,3,0,0,0,0,0,2.835820895522388,4.079601990049751,False,0,0.4169667889785557,-0.1361752344879463,-0.28117489416810476,0.05511294349446954,0.063315021460378,0.4531975201016281,-0.17796070651912219
Berke Özer,tr TUR,GK,Lille,fr Ligue 1,25.0,2000.0,24,24,2160,24.0,0,1,1,0,0,0,3,0,0.04,102.0,tr TUR,GK,fr Ligue 1,25-296,2000.0,24.0,24.0,2160.0,24.0,30.0,1.25,87.0,58.0,66.7,13.0,5.0,6.0,8.0,33.3,2.0,1.0,1.0,0.0,1934,tr TUR,GK,fr Ligue 1,25-296,2000.0,24.0,0,0,0,,0.0,0.0,,,0,0,2427,tr TUR,GK,fr Ligue 1,25-296,2000.0,24,2160,90,92.3,24.0,24,90.0,24,0,,0,1.83,40,30,10,0.42,1.92,1934,tr TUR,GK,fr Ligue 1,25-296,2000.0,24.0,3,0,0,0,10,0,0,0,1,0,2.4166666666666665,3.625,False,2,-0.35273638609325086,-0.393109639182184,0.4086911943125259,-0.6812353738061986,-0.5325530184131063,-0.7893970256226958,-0.7038994652493872
Alberto Paleari,it ITA,GK,Torino,it Serie A,33.0,1992.0,20,20,1800,20.0,0,0,0,0,0,0,1,0,0.0,104.0,it ITA,GK,it Serie A,33-200,1992.0,20.0,20.0,1800.0,20.0,32.0,1.6,84.0,54.0,64.3,7.0,4.0,9.0,7.0,35.0,2.0,2.0,0.0,0.0,1947,it ITA,GK,it Serie A,33-200,1992.0,20.0,0,0,0,,0.0,0.0,,,0,0,2443,it ITA,GK,it Serie A,33-200,1992.0,20,1800,90,69.0,20.0,20,90.0,20,0,,9,1.25,23,32,-9,-0.45,0.55,1947,it ITA,GK,it Serie A,33-200,1992.0,20.0,1,0,0,0,5,0,0,0,0,0,2.7,4.2,False,0,0.5762157217520331,-0.7785112462235428,0.5321409154090601,-0.1834901314290697,0.22112631081674897,0.3280288817281939,-0.5710693307638054
Iñaki Peña,es ESP,GK,Elche,es La Liga,27.0,1999.0,16,16,1440,16.0,0,0,0,0,0,0,0,0,0.0,105.0,es ESP,GK,es La Liga,27-015,1999.0,16.0,16.0,1440.0,16.0,28.0,1.75,81.0,55.0,67.9,3.0,4.0,9.0,4.0,25.0,2.0,2.0,0.0,0.0,1988,es ESP,GK,es La Liga,27-015,1999.0,16.0,0,0,0,,0.0,0.0,,,0,0,2495,es ESP,GK,es La Liga,27-015,1999.0,16,1440,90,57.1,16.0,16,90.0,16,0,,10,0.81,21,28,-7,-0.44,-0.27,1988,es ESP,GK,es La Liga,27-015,1999.0,16.0,0,0,0,0,1,0,0,0,0,0,3.4375,5.0625,False,0,0.9743380536857259,-0.20040883566150458,-0.19403391457055147,1.1121114553466904,1.3516453046615313,1.7665930928108537,0.7716228862342174
Mike Penders,be BEL,GK,Strasbourg,fr Ligue 1,20.0,2005.0,25,25,2250,25.0,0,0,0,0,0,0,3,0,0.0,106.0,be BEL,GK,fr Ligue 1,20-229,2005.0,25.0,25.0,2250.0,25.0,31.0,1.24,98.0,71.0,71.4,9.0,7.0,9.0,8.0,32.0,4.0,3.0,1.0,0.0,1989,be BEL,GK,fr Ligue 1,20-229,2005.0,25.0,0,0,0,,0.0,0.0,,,0,0,2496,be BEL,GK,fr Ligue 1,20-229,2005.0,25,2250,90,96.2,25.0,25,90.0,25,0,,0,1.36,39,31,8,0.32,-0.68,1989,be BEL,GK,fr Ligue 1,20-229,2005.0,25.0,3,0,0,1,1,0,0,0,0,0,2.84,3.92,False,0,-0.37927787488883047,0.3616351746071424,0.3142884664151766,0.062454576569040195,-0.14588275385170252,-0.5149966144913211,0.36327941110184686
Mattia Perin,it ITA,GK,Juventus,it Serie A,33.0,1992.0,6,6,540,6.0,0,0,0,0,0,0,0,0,0.0,108.0,it ITA,GK,it Serie A,33-127,1992.0,6.0,6.0,540.0,6.0,6.0,1.0,16.0,10.0,62.5,3.0,1.0,2.0,2.0,33.3,0.0,0.0,0.0,0.0,2002,it ITA,GK,it Serie A,33-127,1992.0,6.0,0,0,0,,0.0,0.0,,,0,0,2513,it ITA,GK,it Serie A,33-127,1992.0,6,540,90,20.7,6.0,6,90.0,6,0,,21,1.67,10,6,4,0.67,-0.16,2002,it ITA,GK,it Serie A,33-127,1992.0,6.0,0,0,0,0,1,0,0,0,0,0,1.6666666666666667,2.6666666666666665,False,2,-1.0162736059827393,-1.0675624515045607,0.4086911943125259,-1.9987963095103614,-1.7886852337961983,-2.0641708607871148,-2.2376346308225714
Ivan Provedel,it ITA,GK,Lazio,it Serie A,32.0,1994.0,27,27,2430,27.0,0,0,0,0,0,0,1,0,0.0,115.0,it ITA,GK,it Serie A,32-000,1994.0,27.0,27.0,2430.0,27.0,27.0,1.0,112.0,87.0,78.6,8.0,10.0,9.0,12.0,44.4,4.0,3.0,1.0,0.0,2053,it ITA,GK,it Serie A,32-000,1994.0,27.0,0,0,0,,0.0,0.0,,,0,0,2585,it ITA,GK,it Serie A,32-000,1994.0,27,2430,90,93.1,27.0,27,90.0,27,0,,0,1.26,26,27,-1,-0.04,-1.04,2053,it ITA,GK,it Serie A,32-000,1994.0,27.0,1,0,0,0,2,0,0,0,0,0,3.2222222222222223,4.148148148148148,False,0,-1.0162736059827393,1.5178399957312143,1.2147452555898948,0.7339226682464216,0.1531616692114797,-1.2395213669832923,1.9339986406480532
Ionuț Radu,ro ROU,GK,Celta Vigo,es La Liga,28.0,1997.0,28,28,2520,28.0,0,0,0,0,0,0,0,0,0.0,117.0,ro ROU,GK,es La Liga,28-293,1997.0,28.0,28.0,2520.0,28.0,31.0,1.11,106.0,80.0,73.6,10.0,11.0,7.0,8.0,28.6,8.0,3.0,2.0,3.0,2067,ro ROU,GK,es La Liga,28-293,1997.0,28.0,0,0,0,,0.0,0.0,,,0,0,2601,ro ROU,GK,es La Liga,28-293,1997.0,28,2520,90,100.0,28.0,28,90.0,28,0,,0,1.46,38,31,7,0.25,,2067,ro ROU,GK,es La Liga,28-293,1997.0,28.0,0,0,0,0,7,0,0,0,0,0,2.857142857142857,3.7857142857142856,False,0,-0.7243172292313641,0.7149199810617186,0.06738902422210878,0.09257025509942143,-0.32189730527432714,-0.7640951732033248,0.5812351664735652
Diant Ramaj,de GER,GK,Heidenheim,de Bundesliga,24.0,2001.0,25,25,2250,25.0,0,0,0,0,0,0,1,0,0.0,118.0,de GER,GK,de Bundesliga,24-179,2001.0,25.0,25.0,2250.0,25.0,56.0,2.24,135.0,84.0,62.2,3.0,5.0,17.0,0.0,0.0,6.0,5.0,0.0,1.0,2072,de GER,GK,de Bundesliga,24-179,2001.0,25.0,0,0,0,,0.0,0.0,,,0,0,2610,de GER,GK,de Bundesliga,24-179,2001.0,25,2250,90,96.2,25.0,25,90.0,25,0,,0,0.56,24,56,-32,-1.28,0.72,2072,de GER,GK,de Bundesliga,24-179,2001.0,25.0,1,0,0,2,2,0,0,0,0,0,3.36,5.4,False,1,2.274871004669124,-1.11573765238473,-2.0094709895195804,0.9759634919905934,1.7940223022529684,3.7937663073441237,-0.3711411901641588
Federico Ravaglia,it ITA,GK,Bologna,it Serie A,26.0,1999.0,13,12,1110,12.3,0,0,0,0,0,0,3,0,0.0,120.0,it ITA,GK,it Serie A,26-126,1999.0,13.0,12.0,1110.0,12.3,22.0,1.78,66.0,45.0,68.2,3.0,3.0,6.0,2.0,16.7,1.0,1.0,0.0,0.0,2091,it ITA,GK,it Serie A,26-126,1999.0,12.3,0,0,0,,0.0,0.0,,,0,0,2634,it ITA,GK,it Serie A,26-126,1999.0,13,1110,85,42.5,12.3,12,90.0,12,1,30.0,15,0.92,14,22,-8,-0.65,-1.37,2091,it ITA,GK,it Serie A,26-126,1999.0,12.3,3,0,0,1,3,0,0,0,1,0,3.6585365853658534,5.365853658536585,False,0,1.0539625200724645,-0.1522336347813353,-0.796759023453629,1.5004170156660064,1.7492650992446195,2.429239910777649,1.053517358501329
Álex Remiro,es ESP,GK,Real Sociedad,es La Liga,30.0,1995.0,28,28,2520,28.0,0,0,0,0,0,0,0,0,0.0,122.0,es ESP,GK,es La Liga,30-358,1995.0,28.0,28.0,2520.0,28.0,42.0,1.5,105.0,68.0,64.8,10.0,8.0,10.0,2.0,7.1,5.0,5.0,0.0,0.0,2103,es ESP,GK,es La Liga,30-358,1995.0,28.0,0,0,0,,0.0,0.0,,,0,0,2648,es ESP,GK,es La Liga,30-358,1995.0,28,2520,90,100.0,28.0,28,90.0,28,0,,0,1.36,43,42,1,0.04,,2103,es ESP,GK,es La Liga,30-358,1995.0,28.0,0,0,0,0,4,0,0,1,1,1,2.4285714285714284,3.75,False,1,0.31080083379623746,-0.6982192447565932,-1.4938868602340558,-0.6603217081601008,-0.3687096859718335,0.6711503590910318,-1.326154816584063
Guillaume Restes,fr FRA,GK,Toulouse,fr Ligue 1,21.0,2005.0,26,26,2309,25.7,0,0,0,0,0,0,3,0,0.0,123.0,fr FRA,GK,fr Ligue 1,21-006,2005.0,26.0,26.0,2309.0,25.7,31.0,1.21,83.0,56.0,67.5,9.0,7.0,10.0,8.0,30.8,4.0,4.0,0.0,0.0,2105,fr FRA,GK,fr Ligue 1,21-006,2005.0,25.7,0,0,0,,0.0,0.0,,,0,0,2650,fr FRA,GK,fr Ligue 1,21-006,2005.0,26,2309,89,98.7,25.7,26,89.0,25,0,,0,1.31,36,31,5,0.19,0.19,2105,fr FRA,GK,fr Ligue 1,21-006,2005.0,25.7,3,0,0,0,8,0,0,1,0,0,2.1789883268482493,3.2295719844357977,False,2,-0.4589023412755691,-0.26464243683506516,0.22714748681762326,-1.0987763015498864,-1.0508589688985335,-1.2099301475798445,-1.0685445864346874
Robin Risser,fr FRA,GK,Lens,fr Ligue 1,21.0,2004.0,26,26,2340,26.0,0,1,1,0,0,0,2,0,0.04,126.0,fr FRA,GK,fr Ligue 1,21-105,2004.0,26.0,26.0,2340.0,26.0,23.0,0.88,82.0,63.0,74.4,18.0,2.0,6.0,10.0,38.5,5.0,2.0,2.0,1.0,2127,fr FRA,GK,fr Ligue 1,21-105,2004.0,26.0,0,0,0,,0.0,0.0,,,0,0,2676,fr FRA,GK,fr Ligue 1,21-105,2004.0,26,2340,90,100.0,26.0,26,90.0,26,0,,0,2.15,49,23,26,1.0,,2127,fr FRA,GK,fr Ligue 1,21-105,2004.0,26.0,2,0,0,0,4,0,0,0,0,0,2.423076923076923,3.1538461538461537,False,2,-1.3347714715296937,0.8433871834088398,0.7863021059019241,-0.6699741692275306,-1.150116348384058,-2.1748104976903284,0.17433419989768123
Leo Román,es ESP,GK,Mallorca,es La Liga,25.0,2000.0,23,23,2070,23.0,0,0,0,0,0,0,3,0,0.0,128.0,es ESP,GK,es La Liga,25-254,2000.0,23.0,23.0,2070.0,23.0,38.0,1.65,110.0,78.0,70.0,6.0,5.0,12.0,1.0,4.3,6.0,5.0,1.0,0.0,2156,es ESP,GK,es La Liga,25-254,2000.0,23.0,0,0,0,,0.0,0.0,,,0,0,2710,es ESP,GK,es La Liga,25-254,2000.0,23,2070,90,82.1,23.0,23,90.0,23,0,,0,1.0,29,38,-9,-0.39,0.21,2156,es ESP,GK,es La Liga,25-254,2000.0,23.0,3,0,0,1,1,0,0,1,1,0,3.391304347826087,4.782608695652174,False,0,0.7089231657299303,0.13681757049968268,-1.6972158126283472,1.0309573397417238,0.9847787124560725,2.0364359002883208,0.5977464040645425
Gerónimo Rulli,ar ARG,GK,Marseille,fr Ligue 1,33.0,1992.0,22,22,1980,22.0,0,0,0,0,0,0,2,0,0.0,129.0,ar ARG,GK,fr Ligue 1,33-301,1992.0,22.0,22.0,1980.0,22.0,25.0,1.14,83.0,62.0,74.7,12.0,4.0,6.0,7.0,31.8,4.0,4.0,0.0,0.0,2188,ar ARG,GK,fr Ligue 1,33-301,1992.0,22.0,0,0,0,,0.0,0.0,,,0,0,2750,ar ARG,GK,fr Ligue 1,33-301,1992.0,22,1980,90,84.6,22.0,22,90.0,22,0,,3,1.87,43,26,17,0.77,0.02,2188,ar ARG,GK,fr Ligue 1,33-301,1992.0,22.0,2,0,0,1,13,0,0,0,0,0,2.8181818181818183,3.772727272727273,False,0,-0.6446927628446261,0.891562384289009,0.2997649698155844,0.024125531166737796,-0.3389199891643291,-0.917645264856423,0.6712526984404337
Mathew Ryan,au AUS,GK,Levante,es La Liga,33.0,1992.0,26,26,2340,26.0,0,0,0,0,0,0,2,0,0.0,130.0,au AUS,GK,es La Liga,33-343,1992.0,26.0,26.0,2340.0,26.0,41.0,1.58,137.0,99.0,71.5,5.0,8.0,13.0,5.0,19.2,3.0,2.0,1.0,0.0,2191,au AUS,GK,es La Liga,33-343,1992.0,26.0,0,2,0,0.0,0.08,0.0,0.0,,0,0,2753,au AUS,GK,es La Liga,33-343,1992.0,26,2340,90,92.9,26.0,26,90.0,26,0,,0,0.88,27,41,-14,-0.54,0.46,2191,au AUS,GK,es La Liga,33-343,1992.0,26.0,2,0,0,0,0,0,0,1,1,0,3.8076923076923075,5.269230769230769,False,0,0.523132744160874,0.37769357490053135,-0.6152153159587261,1.7624460197647707,1.6226169698528672,1.9282557134466394,1.6646399011449768
Frederik Rønnow,dk DEN,GK,Union Berlin,de Bundesliga,33.0,1992.0,25,25,2250,25.0,0,0,0,0,0,0,2,0,0.0,131.0,dk DEN,GK,de Bundesliga,33-225,1992.0,25.0,25.0,2250.0,25.0,42.0,1.68,103.0,65.0,65.0,7.0,7.0,11.0,5.0,20.0,6.0,6.0,0.0,0.0,2193,dk DEN,GK,de Bundesliga,33-225,1992.0,25.0,0,0,0,,0.0,0.0,,,0,0,2755,dk DEN,GK,de Bundesliga,33-225,1992.0,25,2250,90,96.2,25.0,25,90.0,25,0,,0,1.12,30,42,-12,-0.48,-1.48,2193,dk DEN,GK,de Bundesliga,33-225,1992.0,25.0,2,0,0,1,3,0,0,1,1,0,2.6,4.12,False,1,0.788547632116669,-0.666102444169813,-0.5571213295603572,-0.35916492285629165,0.11626657805433425,0.8221072454884545,-0.8889112633486079
Matvei Safonov,ru RUS,GK,Paris Saint-Germain,fr Ligue 1,27.0,1999.0,8,8,720,8.0,0,0,0,0,0,0,0,0,0.0,133.0,ru RUS,GK,fr Ligue 1,27-020,1999.0,8.0,8.0,720.0,8.0,9.0,1.13,24.0,16.0,62.5,6.0,0.0,2.0,4.0,50.0,1.0,0.0,1.0,0.0,2204,ru RUS,GK,fr Ligue 1,27-020,1999.0,8.0,0,0,0,,0.0,0.0,,,0,0,2768,ru RUS,GK,fr Ligue 1,27-020,1999.0,8,720,90,32.0,8.0,8,90.0,8,0,,14,2.25,21,9,12,1.5,0.32,2204,ru RUS,GK,fr Ligue 1,27-020,1999.0,8.0,0,0,0,0,1,0,0,0,0,0,2.0,3.0,False,2,-0.6712342516402056,-1.0675624515045607,1.6214031603784773,-1.4132136714196224,-1.3517696806194706,-2.033608239473767,-1.5841602740922287
Brice Samba,fr FRA,GK,Rennes,fr Ligue 1,31.0,1994.0,25,25,2250,25.0,0,0,0,0,0,0,3,0,0.0,134.0,fr FRA,GK,fr Ligue 1,31-326,1994.0,25.0,25.0,2250.0,25.0,34.0,1.36,99.0,68.0,68.7,12.0,7.0,6.0,8.0,32.0,4.0,3.0,1.0,0.0,2223,fr FRA,GK,fr Ligue 1,31-326,1994.0,25.0,0,0,0,,0.0,0.0,,,0,0,2795,fr FRA,GK,fr Ligue 1,31-326,1994.0,25,2250,90,96.2,25.0,25,90.0,25,0,,0,1.72,42,34,8,0.32,2.32,2223,fr FRA,GK,fr Ligue 1,31-326,1994.0,25.0,3,0,0,0,5,0,0,0,0,0,2.72,3.96,False,0,-0.060780009341875746,-0.07194163331438573,0.3142884664151766,-0.14835517314362534,-0.09345288747049517,-0.26475585523007894,-0.09933092163296223
Kauã Santos,br BRA,GK,Eintracht Frankfurt,de Bundesliga,22.0,2003.0,13,13,1084,12.0,0,0,0,0,0,0,0,0,0.0,136.0,br BRA,GK,de Bundesliga,22-340,2003.0,13.0,13.0,1084.0,12.0,32.0,2.66,68.0,37.0,54.4,3.0,4.0,6.0,2.0,15.4,1.0,1.0,0.0,0.0,2254,br BRA,GK,de Bundesliga,22-340,2003.0,12.0,0,0,0,,0.0,0.0,,,0,0,2831,br BRA,GK,de Bundesliga,22-340,2003.0,13,1084,83,46.3,12.0,13,83.0,12,0,,9,1.0,27,32,-5,-0.42,-0.77,2254,br BRA,GK,de Bundesliga,22-340,2003.0,12.0,0,0,0,0,3,0,0,0,1,0,3.0833333333333335,5.666666666666667,False,1,3.389613534083464,-2.368292875269144,-0.8911617513509784,0.48992990237528034,2.1435547447943506,4.225440153269955,-1.4040694797816886
Razvan Sava,ro ROU,GK,Udinese,it Serie A,23.0,2002.0,7,6,620,6.9,0,0,0,0,0,0,1,0,0.0,137.0,ro ROU,GK,it Serie A,23-269,2002.0,7.0,6.0,620.0,6.9,14.0,2.03,28.0,14.0,50.0,2.0,2.0,2.0,1.0,16.7,0.0,0.0,0.0,0.0,2268,ro ROU,GK,it Serie A,23-269,2002.0,6.9,0,0,0,,0.0,0.0,,,0,0,2852,ro ROU,GK,it Serie A,23-269,2002.0,7,620,89,23.8,6.9,6,90.0,6,1,80.0,18,1.14,7,14,-7,-1.02,-0.93,2268,ro ROU,GK,it Serie A,23-269,2002.0,6.9,1,0,0,0,0,0,0,0,0,0,2.0289855072463765,4.057971014492753,False,1,1.7174997399619523,-3.0748624881783,-0.796759023453629,-1.3622934420204282,0.03496229250666399,1.741649843963401,-3.3399019138667336
Marvin Schwäbe,de GER,GK,Köln,de Bundesliga,30.0,1995.0,26,26,2340,26.0,0,0,0,0,0,0,0,0,0.0,138.0,de GER,GK,de Bundesliga,30-326,1995.0,26.0,26.0,2340.0,26.0,44.0,1.69,115.0,76.0,64.3,6.0,7.0,13.0,3.0,11.5,5.0,3.0,2.0,0.0,2292,de GER,GK,de Bundesliga,30-326,1995.0,26.0,0,0,0,,0.0,0.0,,,0,0,2881,de GER,GK,de Bundesliga,30-326,1995.0,26,2340,90,100.0,26.0,26,90.0,26,0,,0,0.96,35,44,-9,-0.35,,2292,de GER,GK,de Bundesliga,30-326,1995.0,26.0,0,0,0,1,2,0,0,2,1,0,2.923076923076923,4.423076923076923,False,1,0.8150891209122485,-0.7785112462235428,-1.174369935043027,0.20839978790857822,0.5135236425580976,1.5726898802046023,-0.5917744489251409
Simone Scuffet,it ITA,GK,Pisa,it Serie A,29.0,1996.0,7,7,630,7.0,0,0,0,0,0,0,0,0,0.0,139.0,it ITA,GK,it Serie A,29-290,1996.0,7.0,7.0,630.0,7.0,15.0,2.14,26.0,14.0,53.8,0.0,3.0,4.0,1.0,14.3,3.0,3.0,0.0,0.0,2295,it ITA,GK,it Serie A,29-290,1996.0,7.0,0,0,0,,0.0,0.0,,,0,0,2884,it ITA,GK,it Serie A,29-290,1996.0,7,630,90,24.1,7.0,7,90.0,7,0,,17,0.43,6,15,-9,-1.29,-0.51,2295,it ITA,GK,it Serie A,29-290,1996.0,7.0,0,0,0,0,4,0,0,0,0,0,2.0,3.7142857142857144,False,1,2.009456116713328,-2.4646432770294835,-0.9710409826487357,-1.4132136714196224,-0.41552206666933983,1.557925110213612,-3.2355078556207015
Adrian Šemper,hr CRO,GK,Pisa,it Serie A,28.0,1998.0,17,17,1530,17.0,0,0,0,0,0,0,0,0,0.0,141.0,hr CRO,GK,it Serie A,28-064,1998.0,17.0,17.0,1530.0,17.0,25.0,1.47,84.0,60.0,71.4,1.0,9.0,7.0,4.0,23.5,1.0,1.0,0.0,0.0,2305,hr CRO,GK,it Serie A,28-064,1998.0,17.0,0,0,0,,0.0,0.0,,,0,0,2896,hr CRO,GK,it Serie A,28-064,1998.0,17,1530,90,58.6,17.0,17,90.0,17,0,,7,0.71,13,25,-12,-0.71,0.46,2305,hr CRO,GK,it Serie A,28-064,1998.0,17.0,0,0,0,0,2,0,0,0,0,0,3.5294117647058822,4.9411764705882355,False,0,0.23117636740949882,0.3616351746071424,-0.3029601390674932,1.2735772562908279,1.1926208937626492,1.2300039503066968,1.3264694824343062
Unai Simón,es ESP,GK,Athletic Club,es La Liga,28.0,1997.0,28,28,2520,28.0,0,0,0,0,0,0,0,0,0.0,144.0,es ESP,GK,es La Liga,28-279,1997.0,28.0,28.0,2520.0,28.0,40.0,1.43,113.0,77.0,67.3,10.0,5.0,13.0,5.0,17.9,4.0,3.0,1.0,0.0,2332,es ESP,GK,es La Liga,28-279,1997.0,28.0,0,0,0,,0.0,0.0,,,0,0,2938,es ESP,GK,es La Liga,28-279,1997.0,28,2520,90,100.0,28.0,28,90.0,28,0,,0,1.25,30,40,-10,-0.36,,2332,es ESP,GK,es La Liga,28-279,1997.0,28.0,0,0,0,0,5,0,0,0,0,0,2.75,4.035714285714286,False,0,0.12501041222718057,-0.2967592374218454,-0.7096180438560757,-0.09565273571545914,0.005789359608218549,0.4664674671208418,-0.4049253807694771
Antonio Sivera,es ESP,GK,Alavés,es La Liga,29.0,1996.0,28,28,2520,28.0,0,0,0,0,0,0,2,0,0.0,145.0,es ESP,GK,es La Liga,29-218,1996.0,28.0,28.0,2520.0,28.0,38.0,1.36,109.0,75.0,68.8,7.0,7.0,14.0,3.0,10.7,4.0,4.0,0.0,0.0,2340,es ESP,GK,es La Liga,29-218,1996.0,28.0,0,0,0,,0.0,0.0,,,0,0,2950,es ESP,GK,es La Liga,29-218,1996.0,28,2520,90,100.0,28.0,28,90.0,28,0,,0,1.0,26,38,-12,-0.43,,2340,es ESP,GK,es La Liga,29-218,1996.0,28.0,2,0,0,1,1,0,0,0,1,0,2.6785714285714284,3.892857142857143,False,0,-0.060780009341875746,-0.05588323302099673,-1.232463921441396,-0.22113472959204644,-0.18146016318180747,0.40898704488290627,-0.4448733505308777
Łukasz Skorupski,pl POL,GK,Bologna,it Serie A,34.0,1991.0,17,17,1412,15.7,0,0,0,0,0,0,1,1,0.0,146.0,pl POL,GK,it Serie A,34-316,1991.0,17.0,17.0,1412.0,15.7,15.0,0.96,43.0,30.0,69.8,9.0,3.0,5.0,7.0,41.2,2.0,2.0,0.0,0.0,2346,pl POL,GK,it Serie A,34-316,1991.0,15.7,0,0,0,,0.0,0.0,,,0,0,2957,pl POL,GK,it Serie A,34-316,1991.0,17,1412,83,54.1,15.7,17,83.0,15,0,,3,1.76,22,12,10,0.64,1.09,2346,pl POL,GK,it Serie A,34-316,1991.0,15.7,1,1,0,1,8,0,0,0,0,0,1.910828025477707,2.7388535031847137,False,2,-1.1224395611650575,0.10470076991290239,0.9823693099964194,-1.5698663516731959,-1.6940665789681166,-2.53861541430436,-1.057723139888442
Yann Sommer,ch SUI,GK,Inter,it Serie A,37.0,1988.0,27,27,2430,27.0,0,0,0,0,0,0,0,0,0.0,148.0,ch SUI,GK,it Serie A,37-090,1988.0,27.0,27.0,2430.0,27.0,22.0,0.81,71.0,50.0,71.8,20.0,2.0,5.0,14.0,51.9,2.0,2.0,0.0,0.0,2366,ch SUI,GK,it Serie A,37-090,1988.0,27.0,0,0,0,,0.0,0.0,,,0,0,2981,ch SUI,GK,it Serie A,37-090,1988.0,27,2430,90,93.1,27.0,27,90.0,27,0,,2,2.3,61,22,39,1.44,-0.06,2366,ch SUI,GK,it Serie A,37-090,1988.0,27.0,0,0,0,0,1,0,0,0,0,0,1.8518518518518519,2.6296296296296298,False,2,-1.5205618930987503,0.42586877578070065,1.7593763780746032,-1.6734726216821731,-1.83723140637139,-3.3335305814953355,-0.7328478873750334
David Soria,es ESP,GK,Getafe,es La Liga,32.0,1993.0,28,28,2520,28.0,0,0,0,0,0,0,2,0,0.0,149.0,es ESP,GK,es La Liga,32-347,1993.0,28.0,28.0,2520.0,28.0,30.0,1.07,119.0,89.0,75.6,10.0,5.0,13.0,8.0,28.6,1.0,1.0,0.0,0.0,2368,es ESP,GK,es La Liga,32-347,1993.0,28.0,0,0,0,,0.0,0.0,,,0,0,2984,es ESP,GK,es La Liga,32-347,1993.0,28,2520,90,100.0,28.0,28,90.0,28,0,,0,1.25,23,30,-7,-0.25,,2368,es ESP,GK,es La Liga,32-347,1993.0,28.0,2,0,0,0,1,0,0,0,0,0,3.1785714285714284,4.25,False,0,-0.8304831844136824,1.036087986929517,0.06738902422210878,0.6572392275440624,0.28666364379325787,-0.40223943025493936,1.373442188203382
Zion Suzuki,jp JPN,GK,Parma,it Serie A,23.0,2002.0,12,12,1080,12.0,0,0,0,0,0,0,1,0,0.0,150.0,jp JPN,GK,it Serie A,23-208,2002.0,12.0,12.0,1080.0,12.0,18.0,1.5,54.0,38.0,68.5,1.0,5.0,6.0,3.0,25.0,2.0,1.0,1.0,0.0,2419,jp JPN,GK,it Serie A,23-208,2002.0,12.0,0,0,0,,0.0,0.0,,,0,0,3049,jp JPN,GK,it Serie A,23-208,2002.0,12,1080,90,41.4,12.0,12,90.0,12,0,,2,0.67,8,18,-10,-0.83,-0.54,2419,jp JPN,GK,it Serie A,23-208,2002.0,12.0,1,0,0,0,2,0,0,0,0,0,3.1666666666666665,4.5,False,0,0.31080083379623746,-0.10405843390116601,-0.19403391457055147,0.6363255618979646,0.6143503086758035,0.8327702604780645,0.4332579735118485
Mile Svilar,rs SRB,GK,Roma,it Serie A,26.0,1999.0,29,29,2610,29.0,0,0,0,0,0,0,0,0,0.0,151.0,rs SRB,GK,it Serie A,26-202,1999.0,29.0,29.0,2610.0,29.0,23.0,0.79,108.0,86.0,79.6,16.0,3.0,10.0,12.0,41.4,1.0,1.0,0.0,0.0,2422,rs SRB,GK,it Serie A,26-202,1999.0,29.0,0,0,0,,0.0,0.0,,,0,0,3053,rs SRB,GK,it Serie A,26-202,1999.0,29,2610,90,100.0,29.0,29,90.0,29,0,,0,1.76,39,23,16,0.55,,2422,rs SRB,GK,it Serie A,26-202,1999.0,29.0,0,0,0,0,7,0,0,1,1,0,2.9655172413793105,3.7241379310344827,False,2,-1.5736448706899093,1.6784239986651135,0.9968928065960113,0.28295672856734666,-0.4026083064769246,-1.9269062582445506,1.652909548700094
Wojciech Szczęsny,pl POL,GK,Barcelona,es La Liga,35.0,1990.0,6,6,540,6.0,0,0,0,0,0,0,0,0,0.0,152.0,pl POL,GK,es La Liga,35-333,1990.0,6.0,6.0,540.0,6.0,11.0,1.83,25.0,16.0,60.0,4.0,0.0,2.0,0.0,0.0,2.0,1.0,1.0,0.0,2428,pl POL,GK,es La Liga,35-333,1990.0,6.0,0,0,0,,0.0,0.0,,,0,0,3061,pl POL,GK,es La Liga,35-333,1990.0,6,540,90,21.4,6.0,6,90.0,6,0,,19,2.0,13,11,2,0.33,-1.8,2428,pl POL,GK,es La Liga,35-333,1990.0,6.0,0,0,0,0,0,0,0,0,0,0,2.6666666666666665,4.166666666666667,False,1,1.1866699640503624,-1.4690224588393086,-2.0094709895195804,-0.2420483952381442,0.17743475549907636,2.0462472057118086,-1.6677619089722957
Kevin Trapp,de GER,GK,Paris FC,fr Ligue 1,35.0,1990.0,15,15,1350,15.0,0,0,0,0,0,0,2,0,0.0,157.0,de GER,GK,fr Ligue 1,35-252,1990.0,15.0,15.0,1350.0,15.0,21.0,1.4,55.0,38.0,70.9,4.0,7.0,4.0,6.0,40.0,7.0,5.0,1.0,1.0,2512,de GER,GK,fr Ligue 1,35-252,1990.0,15.0,0,0,0,,0.0,0.0,,,0,0,3166,de GER,GK,fr Ligue 1,35-252,1990.0,15,1350,90,57.7,15.0,15,90.0,15,0,,10,1.27,14,21,-7,-0.47,-0.01,2512,de GER,GK,fr Ligue 1,35-252,1990.0,15.0,2,0,0,0,5,0,0,1,0,0,2.533333333333333,3.6666666666666665,False,2,0.0453859458404419,0.2813431731401928,0.8952283303988657,-0.4762814504744398,-0.4779385742660156,-0.9044442570461866,-0.1271249552889916
Jonas Urbig,de GER,GK,Bayern Munich,de Bundesliga,22.0,2003.0,8,6,630,7.0,0,0,0,0,0,0,0,0,0.0,160.0,de GER,GK,de Bundesliga,22-221,2003.0,8.0,6.0,630.0,7.0,7.0,1.0,19.0,13.0,68.4,5.0,0.0,1.0,4.0,66.7,2.0,1.0,0.0,1.0,2543,de GER,GK,de Bundesliga,22-221,2003.0,7.0,0,0,0,,0.0,0.0,,,0,0,3203,de GER,GK,de Bundesliga,22-221,2003.0,8,630,79,26.9,7.0,6,90.0,6,2,45.0,15,2.63,22,7,15,2.14,-0.65,2543,de GER,GK,de Bundesliga,22-221,2003.0,7.0,0,0,0,0,0,0,0,0,0,0,1.8571428571428572,2.7142857142857144,False,2,-1.0162736059827393,-0.12011683419455502,2.8341151264444284,-1.6641776591727961,-1.7262687261995227,-3.3630741078075794,-0.9605457074373343
Álvaro Vallés,es ESP,GK,Real Betis,es La Liga,28.0,1997.0,20,20,1800,20.0,0,0,0,0,0,0,1,0,0.0,162.0,es ESP,GK,es La Liga,28-235,1997.0,20.0,20.0,1800.0,20.0,26.0,1.3,84.0,60.0,70.2,7.0,9.0,4.0,6.0,30.0,3.0,1.0,1.0,1.0,2555,es ESP,GK,es La Liga,28-235,1997.0,20.0,0,0,0,,0.0,0.0,,,0,0,3215,es ESP,GK,es La Liga,28-235,1997.0,20,1800,90,71.4,20.0,20,90.0,20,0,,8,1.5,31,26,5,0.25,-0.13,2555,es ESP,GK,es La Liga,28-235,1997.0,20.0,1,0,0,0,3,0,0,0,0,0,3.0,4.2,False,0,-0.2200289421153531,0.16893437108646295,0.1690535004192543,0.34353424285259526,0.22112631081674897,-0.014811687397441403,0.47813545853101047
Nikola Vasilj,ba BIH,GK,St Pauli,de Bundesliga,30.0,1995.0,26,26,2340,26.0,0,0,0,0,0,0,0,0,0.0,164.0,ba BIH,GK,de Bundesliga,30-105,1995.0,26.0,26.0,2340.0,26.0,42.0,1.62,129.0,91.0,69.0,6.0,6.0,14.0,5.0,19.2,4.0,2.0,2.0,0.0,2567,ba BIH,GK,de Bundesliga,30-105,1995.0,26.0,0,0,0,,0.0,0.0,,,0,0,3230,ba BIH,GK,de Bundesliga,30-105,1995.0,26,2340,90,100.0,26.0,26,90.0,26,0,,0,0.92,23,42,-19,-0.73,,2567,ba BIH,GK,de Bundesliga,30-105,1995.0,26.0,0,0,0,0,1,0,0,1,1,0,3.5,4.961538461538462,False,0,0.6292986993431922,-0.02376643243421645,-0.6152153159587261,1.221908199988704,1.219310305382042,1.7036435137954282,0.908209126601743
Odysseas Vlachodimos,gr GRE,GK,Sevilla,es La Liga,31.0,1994.0,24,24,2160,24.0,0,0,0,0,0,0,1,0,0.0,167.0,gr GRE,GK,es La Liga,31-325,1994.0,24.0,24.0,2160.0,24.0,40.0,1.67,101.0,70.0,68.3,7.0,6.0,11.0,4.0,16.7,10.0,8.0,1.0,1.0,2608,gr GRE,GK,es La Liga,31-325,1994.0,24.0,0,0,0,,0.0,0.0,,,0,0,3282,gr GRE,GK,es La Liga,31-325,1994.0,24,2160,90,85.7,24.0,24,90.0,24,0,,2,1.13,30,40,-10,-0.42,-0.42,2608,gr GRE,GK,es La Liga,31-325,1994.0,24.0,1,0,0,0,0,0,0,1,0,0,2.9166666666666665,4.208333333333333,False,0,0.7620061433210894,-0.1361752344879463,-0.796759023453629,0.1971385833299102,0.23204919964616655,1.0265170637771015,-0.2036248665866757
Robin Zentner,de GER,GK,Mainz 05,de Bundesliga,31.0,1994.0,9,9,786,8.7,0,0,0,0,0,0,2,1,0.0,168.0,de GER,GK,de Bundesliga,31-140,1994.0,9.0,9.0,786.0,8.7,11.0,1.26,36.0,25.0,69.4,1.0,3.0,5.0,0.0,0.0,0.0,0.0,0.0,0.0,2699,de GER,GK,de Bundesliga,31-140,1994.0,8.7,0,0,0,,0.0,0.0,,,0,0,3389,de GER,GK,de Bundesliga,31-140,1994.0,9,786,87,33.6,8.7,9,87.0,8,0,,0,0.67,8,11,-3,-0.34,0.06,2699,de GER,GK,de Bundesliga,31-140,1994.0,8.7,2,1,0,2,1,0,0,0,0,0,2.873563218390805,4.137931034482759,False,0,-0.3261948972976713,0.04046716873934411,-2.0094709895195804,0.12141669047334983,0.13976962160453085,0.9000482229970788,-0.1396663330184487
Michael Zetterer,de GER,GK,Eintracht Frankfurt,de Bundesliga,30.0,1995.0,14,13,1256,14.0,0,0,0,0,0,0,1,0,0.0,169.0,de GER,GK,de Bundesliga,30-248,1995.0,14.0,13.0,1256.0,14.0,17.0,1.22,43.0,28.0,65.1,7.0,4.0,2.0,6.0,46.2,2.0,2.0,0.0,0.0,2702,de GER,GK,de Bundesliga,30-248,1995.0,14.0,0,0,0,,0.0,0.0,,,0,0,3392,de GER,GK,de Bundesliga,30-248,1995.0,14,1256,90,53.7,14.0,13,90.0,13,1,86.0,12,2.0,22,17,5,0.36,0.77,2702,de GER,GK,de Bundesliga,30-248,1995.0,14.0,1,0,0,0,2,0,0,0,0,0,2.0,3.0714285714285716,False,2,-0.43236085247998957,-0.650044043876424,1.345456724986225,-1.4132136714196224,-1.2581449192244571,-1.8434180420170323,-1.386186406558508
Alisson,br BRA,GK,Liverpool,eng Premier League,33.0,1992.0,25,25,2250,25.0,0,0,0,0,0,0,1,0,0.0,2.0,br BRA,GK,eng Premier League,33-166,1992.0,25.0,25.0,2250.0,25.0,30.0,1.2,84.0,56.0,66.7,13.0,7.0,5.0,8.0,32.0,2.0,2.0,0.0,0.0,79,br BRA,GK,eng Premier League,33-166,1992.0,25.0,0,0,0,,0.0,0.0,,,0,0,103,br BRA,GK,eng Premier League,33-166,1992.0,25,2250,90,83.3,25.0,25,90.0,25,0,,0,1.84,43,30,13,0.52,1.32,79,br BRA,GK,eng Premier League,33-166,1992.0,25.0,1,0,0,1,7,0,0,0,0,0,2.24,3.36,True,2,-0.48544383007114866,-0.393109639182184,0.3142884664151766,-0.9915941719942898,-0.8799008831886049,-1.1036030280362334,-1.0034488045023715
Alphonse Areola,fr FRA,GK,West Ham United,eng Premier League,33.0,1993.0,20,20,1800,20.0,0,1,1,0,0,0,0,0,0.05,4.0,fr FRA,GK,eng Premier League,33-018,1993.0,20.0,20.0,1800.0,20.0,37.0,1.85,108.0,76.0,70.4,4.0,5.0,11.0,0.0,0.0,6.0,5.0,0.0,1.0,136,fr FRA,GK,eng Premier League,33-018,1993.0,20.0,0,0,0,,0.0,0.0,,,0,0,172,fr FRA,GK,eng Premier League,33-018,1993.0,20,1800,90,66.7,20.0,20,90.0,20,0,,10,0.85,25,37,-12,-0.6,0.1,136,fr FRA,GK,eng Premier League,33-018,1993.0,20.0,0,0,0,1,1,0,0,1,0,0,3.8,5.4,True,0,1.2397529416415214,0.20105117167324324,-2.0094709895195804,1.748932574270369,1.7940223022529684,3.125805805967888,1.1868810703221777
Altay Bayındır,tr TUR,GK,Manchester Utd,eng Premier League,27.0,1998.0,6,6,540,6.0,0,0,0,0,0,0,0,0,0.0,12.0,tr TUR,GK,eng Premier League,27-337,1998.0,6.0,6.0,540.0,6.0,11.0,1.83,24.0,13.0,54.2,2.0,1.0,3.0,0.0,0.0,0.0,0.0,0.0,0.0,236,tr TUR,GK,eng Premier League,27-337,1998.0,6.0,0,0,0,,0.0,0.0,,,0,0,299,tr TUR,GK,eng Premier League,27-337,1998.0,6,540,90,20.0,6.0,6,90.0,6,0,,24,1.17,7,11,-4,-0.67,-1.37,236,tr TUR,GK,eng Premier League,27-337,1998.0,6.0,0,0,0,0,3,0,0,0,0,0,2.1666666666666665,4.0,True,1,1.1866699640503624,-2.400409675855923,-2.0094709895195804,-1.120422352374253,-0.04102302108928781,1.8932068594747802,-2.8824793234548416
Walter Benítez,ar ARG,GK,Crystal Palace,eng Premier League,33.0,1993.0,1,1,90,1.0,0,0,0,0,0,0,0,0,0.0,13.0,ar ARG,GK,eng Premier League,33-057,1993.0,1.0,1.0,90.0,1.0,0.0,0.0,3.0,3.0,100.0,0.0,1.0,0.0,1.0,100.0,1.0,0.0,0.0,1.0,270,ar ARG,GK,eng Premier League,33-057,1993.0,1.0,0,0,0,,0.0,0.0,,,0,0,340,ar ARG,GK,eng Premier League,33-057,1993.0,1,90,90,3.3,1.0,1,90.0,1,0,,27,1.0,0,0,0,0.0,0.07,270,ar ARG,GK,eng Premier League,33-057,1993.0,1.0,0,0,0,0,0,0,0,0,0,0,3.0,3.0,True,2,-3.670422485540693,4.954337658516657,5.2522773102765345,0.34353424285259526,-1.3517696806194706,-6.537149245934151,4.7165134073201145
Marco Bizot,nl NED,GK,Aston Villa,eng Premier League,35.0,1991.0,5,4,405,4.5,0,0,0,0,0,0,2,0,0.0,16.0,nl NED,GK,eng Premier League,35-007,1991.0,5.0,4.0,405.0,4.5,8.0,1.78,20.0,13.0,65.0,2.0,1.0,1.0,2.0,50.0,1.0,1.0,0.0,0.0,307,nl NED,GK,eng Premier League,35-007,1991.0,4.5,0,0,0,,0.0,0.0,,,0,0,387,nl NED,GK,eng Premier League,35-007,1991.0,5,405,81,15.0,4.5,4,90.0,4,1,45.0,24,1.6,7,8,-1,-0.22,-0.38,307,nl NED,GK,eng Premier League,35-007,1991.0,4.5,2,0,0,1,1,0,0,0,0,0,2.888888888888889,4.444444444444445,True,0,1.0539625200724645,-0.666102444169813,1.6214031603784773,0.14834003015568212,0.5415310498130159,0.3081334310071777,-0.0940715208417581
Karl Darlow,wls WAL,GK,Leeds United,eng Premier League,35.0,1990.0,14,14,1260,14.0,0,0,0,0,0,0,1,0,0.0,29.0,wls WAL,GK,eng Premier League,35-160,1990.0,14.0,14.0,1260.0,14.0,19.0,1.36,51.0,34.0,66.7,3.0,5.0,6.0,2.0,14.3,2.0,2.0,0.0,0.0,603,wls WAL,GK,eng Premier League,35-160,1990.0,14.0,0,0,0,,0.0,0.0,,,0,0,759,wls WAL,GK,eng Premier League,35-160,1990.0,14,1260,90,46.7,14.0,14,90.0,14,0,,15,1.0,14,19,-5,-0.36,0.02,603,wls WAL,GK,eng Premier League,35-160,1990.0,14.0,1,0,0,0,5,0,0,0,0,0,2.4285714285714284,3.642857142857143,True,0,-0.060780009341875746,-0.393109639182184,-0.9710409826487357,-0.6603217081601008,-0.5091468280643532,0.056373956499051366,-0.9995182333321719
Gianluigi Donnarumma,it ITA,GK,Manchester City,eng Premier League,27.0,1999.0,27,27,2430,27.0,0,0,0,0,0,0,6,0,0.0,39.0,it ITA,GK,eng Premier League,27-020,1999.0,27.0,27.0,2430.0,27.0,24.0,0.89,86.0,61.0,72.1,17.0,7.0,3.0,11.0,40.7,1.0,0.0,1.0,0.0,710,it ITA,GK,eng Premier League,27-020,1999.0,27.0,0,0,0,,0.0,0.0,,,0,0,887,it ITA,GK,eng Premier League,27-020,1999.0,27,2430,90,90.0,27.0,27,90.0,27,0,,0,2.15,55,24,31,1.15,0.81,710,it ITA,GK,eng Premier League,27-020,1999.0,27.0,6,0,0,0,3,0,0,1,0,0,2.259259259259259,3.185185185185185,True,2,-1.3082299827341142,0.47404397666086995,0.9460605684974388,-0.9577605084601588,-1.1090388177435109,-2.211520759157213,-0.20220346946055548
Martin Dúbravka,sk SVK,GK,Burnley,eng Premier League,37.0,1989.0,30,30,2700,30.0,0,0,0,0,0,0,1,0,0.0,40.0,sk SVK,GK,eng Premier League,37-061,1989.0,30.0,30.0,2700.0,30.0,58.0,1.93,161.0,108.0,67.1,4.0,8.0,18.0,4.0,13.3,6.0,5.0,0.0,1.0,729,sk SVK,GK,eng Premier League,37-061,1989.0,30.0,0,0,0,,0.0,0.0,,,0,0,913,sk SVK,GK,eng Premier League,37-061,1989.0,30,2700,90,100.0,30.0,30,90.0,30,0,,0,0.67,32,58,-26,-0.87,,729,sk SVK,GK,eng Premier League,37-061,1989.0,30.0,1,0,0,0,5,0,0,0,1,0,3.6,5.366666666666666,True,0,1.4520848520061573,-0.3288760380086257,-1.043658465646697,1.397582991415926,1.7503307469352947,2.77955893564627,0.7414305135874816
Melker Ellborg,se SWE,GK,Sunderland,eng Premier League,22.0,2003.0,2,2,180,2.0,0,0,0,0,0,0,0,0,0.0,42.0,se SWE,GK,eng Premier League,22-299,2003.0,2.0,2.0,180.0,2.0,1.0,0.5,8.0,7.0,87.5,1.0,0.0,1.0,1.0,50.0,0.0,0.0,0.0,0.0,771,se SWE,GK,eng Premier League,22-299,2003.0,2.0,0,0,0,,0.0,0.0,,,0,0,962,se SWE,GK,eng Premier League,22-299,2003.0,2,180,90,6.7,2.0,2,90.0,2,0,,4,1.5,1,1,0,0.0,0.18,771,se SWE,GK,eng Premier League,22-299,2003.0,2.0,0,0,0,0,0,0,0,0,0,0,3.5,4.0,True,2,-2.343348045761716,2.9470376218429175,1.6214031603784773,1.221908199988704,-0.04102302108928781,-2.495430726692195,3.4620062615103735
Angus Gunn,sct SCO,GK,Nottingham Forest,eng Premier League,30.0,1996.0,1,0,45,0.5,0,0,0,0,0,0,0,0,0.0,54.0,sct SCO,GK,eng Premier League,30-054,1996.0,1.0,0.0,45.0,0.5,0.0,0.0,0.0,0.0,0.0,0.0,0.0,0.0,0.0,0.0,0.0,0.0,0.0,0.0,1040,sct SCO,GK,eng Premier League,30-054,1996.0,0.5,0,0,0,,0.0,0.0,,,0,0,1303,sct SCO,GK,eng Premier League,30-054,1996.0,1,45,45,1.7,0.5,0,,0,1,45.0,13,1.0,0,0,0,0.0,0.51,1040,sct SCO,GK,eng Premier League,30-054,1996.0,0.5,0,0,0,0,0,0,0,0,0,0,0.0,0.0,True,1,-3.670422485540693,-11.104062634873257,-2.0094709895195804,-4.9267094999640575,-5.284009659210018,-2.254591154318701,-11.57184424835417
Dean Henderson,eng ENG,GK,Crystal Palace,eng Premier League,29.0,1997.0,29,29,2610,29.0,0,0,0,0,0,0,3,0,0.0,56.0,eng ENG,GK,eng Premier League,29-005,1997.0,29.0,29.0,2610.0,29.0,35.0,1.21,115.0,84.0,73.0,10.0,8.0,11.0,10.0,34.5,5.0,4.0,1.0,0.0,1082,eng ENG,GK,eng Premier League,29-005,1997.0,29.0,0,0,0,,0.0,0.0,,,0,0,1353,eng ENG,GK,eng Premier League,29-005,1997.0,29,2610,90,96.7,29.0,29,90.0,29,0,,0,1.31,33,35,-2,-0.07,-0.07,1082,eng ENG,GK,eng Premier League,29-005,1997.0,29.0,3,0,0,1,5,0,0,1,0,0,2.896551724137931,3.9655172413793105,True,0,-0.4589023412755691,0.61856957930138,0.49583217391007944,0.16180169999684865,-0.08622118176274218,-0.6546182077759933,0.6619505096027434
Mads Hermansen,dk DEN,GK,West Ham United,eng Premier League,25.0,2000.0,10,10,900,10.0,0,0,0,0,0,0,0,0,0.0,57.0,dk DEN,GK,eng Premier League,25-249,2000.0,10.0,10.0,900.0,10.0,18.0,1.8,50.0,32.0,64.0,3.0,3.0,4.0,4.0,40.0,0.0,0.0,0.0,0.0,1089,dk DEN,GK,eng Premier League,25-249,2000.0,10.0,0,0,0,,0.0,0.0,,,0,0,1361,dk DEN,GK,eng Premier League,25-249,2000.0,10,900,90,33.3,10.0,10,90.0,10,0,,20,1.2,11,18,-7,-0.7,-0.1,1089,dk DEN,GK,eng Premier League,25-249,2000.0,10.0,0,0,0,0,1,0,0,0,0,0,3.2,5.0,True,0,1.1070454976636237,-0.8266864471037121,0.8952283303988657,0.6948838257070391,1.269723638440895,1.3024299061126945,0.2507872878271999
John,br BRA,GK,Nottingham Forest,eng Premier League,30.0,1996.0,5,5,437,4.9,0,0,0,0,0,0,1,0,0.0,63.0,br BRA,GK,eng Premier League,30-032,1996.0,5.0,5.0,437.0,4.9,8.0,1.65,13.0,6.0,46.2,1.0,0.0,4.0,1.0,20.0,1.0,1.0,0.0,0.0,1211,br BRA,GK,eng Premier League,30-032,1996.0,4.9,0,0,0,,0.0,0.0,,,0,0,1503,br BRA,GK,eng Premier League,30-032,1996.0,5,437,87,16.2,4.9,5,87.0,4,0,,12,0.6,5,8,-3,-0.62,-0.14,1211,br BRA,GK,eng Premier League,30-032,1996.0,4.9,1,0,0,0,0,0,0,0,0,0,1.2244897959183672,2.6530612244897958,True,1,0.7089231657299303,-3.685081699327116,-0.5571213295603572,-2.7755896049368527,-1.8065185216809627,-0.1890975778403557,-4.97610381252558
Sam Johnstone,eng ENG,GK,Wolves,eng Premier League,32.0,1993.0,12,12,1080,12.0,0,0,0,0,0,0,0,0,0.0,65.0,eng ENG,GK,eng Premier League,32-357,1993.0,12.0,12.0,1080.0,12.0,24.0,2.0,62.0,39.0,62.9,0.0,2.0,10.0,0.0,0.0,1.0,1.0,0.0,0.0,1216,eng ENG,GK,eng Premier League,32-357,1993.0,12.0,0,0,0,,0.0,0.0,,,0,0,1508,eng ENG,GK,eng Premier League,32-357,1993.0,12,1080,90,38.7,12.0,12,90.0,12,0,,18,0.17,6,24,-18,-1.5,-0.87,1216,eng ENG,GK,eng Premier League,32-357,1993.0,12.0,0,0,0,0,0,0,0,0,1,1,3.25,5.166666666666667,True,1,1.6378752735752142,-1.0033288503310014,-2.0094709895195804,0.7827212214206497,1.4881814150292592,3.1912003370737825,-0.379576034081353
Filip Jørgensen,dk DEN,GK,Chelsea,eng Premier League,23.0,2002.0,3,2,264,2.9,0,0,0,0,0,0,0,0,0.0,67.0,dk DEN,GK,eng Premier League,23-335,2002.0,3.0,2.0,264.0,2.9,4.0,1.36,10.0,6.0,60.0,1.0,1.0,0.0,0.0,0.0,0.0,0.0,0.0,0.0,1234,dk DEN,GK,eng Premier League,23-335,2002.0,2.9,0,0,0,,0.0,0.0,,,0,0,1532,dk DEN,GK,eng Premier League,23-335,2002.0,3,264,88,9.8,2.9,2,90.0,2,1,84.0,21,1.33,6,4,2,0.68,0.09,1234,dk DEN,GK,eng Premier League,23-335,2002.0,2.9,0,0,0,0,0,0,0,1,0,0,2.0689655172413794,3.4482758620689657,True,1,-0.060780009341875746,-1.4690224588393086,-2.0094709895195804,-1.2920586428491243,-0.7641935918645607,0.5165597929602975,-2.3579821209281526
Caoimhín Kelleher,ie IRL,GK,Brentford,eng Premier League,27.0,1998.0,29,29,2610,29.0,0,0,0,0,0,0,1,0,0.0,69.0,ie IRL,GK,eng Premier League,27-114,1998.0,29.0,29.0,2610.0,29.0,39.0,1.34,105.0,73.0,66.7,12.0,6.0,11.0,7.0,24.1,7.0,4.0,3.0,0.0,1282,ie IRL,GK,eng Premier League,27-114,1998.0,29.0,0,0,0,,0.0,0.0,,,0,0,1591,ie IRL,GK,eng Premier League,27-114,1998.0,29,2610,90,96.7,29.0,29,90.0,29,0,,0,1.45,42,39,3,0.1,-0.9,1282,ie IRL,GK,eng Premier League,27-114,1998.0,29.0,1,0,0,2,6,0,0,1,0,0,2.5172413793103448,3.6206896551724137,True,0,-0.11386298693303486,-0.393109639182184,-0.2593896492687164,-0.5045509571408893,-0.5382027884972883,-0.27700483604112225,-0.7736462671113628
Senne Lammens,be BEL,GK,Manchester Utd,eng Premier League,23.0,2002.0,24,24,2160,24.0,0,0,0,0,0,0,0,0,0.0,74.0,be BEL,GK,eng Premier League,23-253,2002.0,24.0,24.0,2160.0,24.0,30.0,1.25,81.0,54.0,66.7,13.0,8.0,3.0,5.0,20.8,3.0,3.0,0.0,0.0,1380,be BEL,GK,eng Premier League,23-253,2002.0,24.0,0,0,0,,0.0,0.0,,,0,0,1722,be BEL,GK,eng Premier League,23-253,2002.0,24,2160,90,80.0,24.0,24,90.0,24,0,,3,1.96,47,30,17,0.71,1.37,1380,be BEL,GK,eng Premier League,23-253,2002.0,24.0,0,0,0,0,2,0,0,0,1,0,2.25,3.375,True,2,-0.35273638609325086,-0.393109639182184,-0.4990273431619882,-0.974026692851568,-0.860239683295652,-0.6214890449239331,-1.1634249386991986
Bernd Leno,de GER,GK,Fulham,eng Premier League,34.0,1992.0,30,30,2700,30.0,0,0,0,0,0,0,3,0,0.0,76.0,de GER,GK,eng Premier League,34-013,1992.0,30.0,30.0,2700.0,30.0,43.0,1.43,113.0,73.0,64.6,12.0,5.0,13.0,6.0,20.0,4.0,3.0,0.0,1.0,1415,de GER,GK,eng Premier League,34-013,1992.0,30.0,0,0,0,,0.0,0.0,,,0,0,1769,de GER,GK,eng Premier League,34-013,1992.0,30,2700,90,100.0,30.0,30,90.0,30,0,,0,1.37,40,43,-3,-0.1,,1415,de GER,GK,eng Premier League,34-013,1992.0,30.0,3,0,0,0,4,0,0,1,1,1,2.433333333333333,3.7666666666666666,True,1,0.12501041222718057,-0.7303360453433735,-0.5571213295603572,-0.6519562419016618,-0.3468639083129972,0.14030183474776955,-1.1218346144110862
Giorgi Mamardashvili,ge GEO,GK,Liverpool,eng Premier League,25.0,2000.0,5,5,450,5.0,0,0,0,0,0,0,0,0,0.0,83.0,ge GEO,GK,eng Premier League,25-169,2000.0,5.0,5.0,450.0,5.0,10.0,2.0,24.0,16.0,62.5,1.0,0.0,4.0,1.0,20.0,2.0,1.0,1.0,0.0,1539,ge GEO,GK,eng Premier League,25-169,2000.0,5.0,0,0,0,,0.0,0.0,,,0,0,1923,ge GEO,GK,eng Premier League,25-169,2000.0,5,450,90,16.7,5.0,5,90.0,5,0,,25,0.6,6,10,-4,-0.8,-1.32,1539,ge GEO,GK,eng Premier League,25-169,2000.0,5.0,0,0,0,1,1,0,0,0,0,0,3.2,4.8,True,1,1.6378752735752142,-1.0675624515045607,-0.5571213295603572,0.6948838257070391,1.0075743065348581,2.228173713889857,-0.3820712102467076
Emiliano Martínez,ar ARG,GK,Aston Villa,eng Premier League,33.0,1992.0,26,26,2295,25.5,0,0,0,0,0,0,2,0,0.0,84.0,ar ARG,GK,eng Premier League,33-196,1992.0,26.0,26.0,2295.0,25.5,29.0,1.14,103.0,75.0,71.8,13.0,5.0,8.0,7.0,26.9,1.0,0.0,1.0,0.0,1582,ar ARG,GK,eng Premier League,33-196,1992.0,25.5,0,0,0,,0.0,0.0,,,0,0,1983,ar ARG,GK,eng Premier League,33-196,1992.0,26,2295,88,85.0,25.5,26,88.0,25,0,,0,1.69,33,29,4,0.16,0.38,1582,ar ARG,GK,eng Premier League,33-196,1992.0,25.5,2,0,0,0,15,0,0,0,0,0,2.9411764705882355,4.03921568627451,True,0,-0.6446927628446261,0.42586877578070065,-0.05606069687442538,0.24019613024834754,0.01037880869620937,-0.3546510450623467,0.5622642493979506
Stefan Ortega,de GER,GK,Nottingham Forest,eng Premier League,33.0,1992.0,3,3,270,3.0,0,0,0,0,0,0,0,0,0.0,101.0,de GER,GK,eng Premier League,33-131,1992.0,3.0,3.0,270.0,3.0,4.0,1.33,12.0,8.0,66.7,0.0,1.0,2.0,1.0,33.3,0.0,0.0,0.0,0.0,1915,de GER,GK,eng Premier League,33-131,1992.0,3.0,0,0,0,,0.0,0.0,,,0,0,2404,de GER,GK,eng Premier League,33-131,1992.0,3,270,90,10.0,3.0,3,90.0,3,0,,0,0.33,1,4,-3,-1.0,-0.56,1915,de GER,GK,eng Premier League,33-131,1992.0,3.0,0,0,0,0,0,0,0,0,0,0,2.6666666666666665,4.0,True,0,-0.14040447572861442,-0.393109639182184,0.4086911943125259,-0.2420483952381442,-0.04102302108928781,-0.2667739835845106,-0.3098196778224203
Lucas Perri,br BRA,GK,Leeds United,eng Premier League,28.0,1997.0,16,16,1440,16.0,0,0,0,0,0,0,2,0,0.0,109.0,br BRA,GK,eng Premier League,28-097,1997.0,16.0,16.0,1440.0,16.0,29.0,1.81,63.0,38.0,60.3,4.0,6.0,6.0,3.0,18.8,4.0,4.0,0.0,0.0,2004,br BRA,GK,eng Premier League,28-097,1997.0,16.0,0,0,0,,0.0,0.0,,,0,0,2515,br BRA,GK,eng Premier League,28-097,1997.0,16,1440,90,53.3,16.0,16,90.0,16,0,,10,1.13,23,29,-6,-0.37,-0.02,2004,br BRA,GK,eng Premier League,28-097,1997.0,16.0,2,0,0,1,3,0,0,0,0,0,2.375,3.9375,True,1,1.1335869864592032,-1.4208472579591394,-0.6442623091579105,-0.7544332035675407,-0.12294468730992424,1.0068242252114494,-1.796686483798058
Đorđe Petrović,rs SRB,GK,Bournemouth,eng Premier League,26.0,1999.0,30,30,2700,30.0,0,0,0,0,0,0,2,0,0.0,111.0,rs SRB,GK,eng Premier League,26-160,1999.0,30.0,30.0,2700.0,30.0,46.0,1.53,132.0,90.0,68.2,9.0,14.0,7.0,9.0,30.0,4.0,4.0,0.0,0.0,2010,rs SRB,GK,eng Premier League,26-160,1999.0,30.0,0,0,0,,0.0,0.0,,,0,0,2523,rs SRB,GK,eng Premier League,26-160,1999.0,30,2700,90,100.0,30.0,30,90.0,30,0,,0,1.37,44,46,-2,-0.07,,2010,rs SRB,GK,eng Premier League,26-160,1999.0,30.0,2,0,0,0,2,0,0,0,0,1,3.0,4.4,True,0,0.39042530018297616,-0.1522336347813353,0.1690535004192543,0.34353424285259526,0.4832756427227857,0.5430881319184229,0.22446265273008972
Jordan Pickford,eng ENG,GK,Everton,eng Premier League,32.0,1994.0,30,30,2700,30.0,0,0,0,0,0,0,2,0,0.0,112.0,eng ENG,GK,eng Premier League,32-010,1994.0,30.0,30.0,2700.0,30.0,35.0,1.17,113.0,81.0,70.8,12.0,7.0,11.0,10.0,33.3,3.0,2.0,1.0,0.0,2017,eng ENG,GK,eng Premier League,32-010,1994.0,30.0,0,0,0,,0.0,0.0,,,0,0,2532,eng ENG,GK,eng Premier League,32-010,1994.0,30,2700,90,100.0,30.0,30,90.0,30,0,,0,1.43,34,35,-1,-0.03,,2017,eng ENG,GK,eng Premier League,32-010,1994.0,30.0,2,0,0,0,6,0,0,0,1,0,2.7,3.7666666666666666,True,2,-0.5650682964578874,0.2652847728468015,0.4086911943125259,-0.1834901314290697,-0.3468639083129972,-0.8235267383991408,0.13918675954653772
Nick Pope,eng ENG,GK,Newcastle United,eng Premier League,33.0,1992.0,22,22,1966,21.8,0,0,0,0,0,0,1,0,0.0,114.0,eng ENG,GK,eng Premier League,33-332,1992.0,22.0,22.0,1966.0,21.8,32.0,1.46,97.0,67.0,69.1,8.0,4.0,10.0,7.0,31.8,2.0,2.0,0.0,0.0,2039,eng ENG,GK,eng Premier League,33-332,1992.0,21.8,0,1,1,100.0,0.05,0.05,0.0,0.0,0,0,2563,eng ENG,GK,eng Premier League,33-332,1992.0,22,1966,89,72.8,21.8,22,89.0,21,0,,3,1.27,30,32,-2,-0.09,-0.34,2039,eng ENG,GK,eng Premier League,33-332,1992.0,21.8,1,0,0,0,2,0,0,0,1,0,3.073394495412844,4.4495412844036695,True,0,0.20463487861391924,-0.0077080321408274505,0.2997649698155844,0.4724698695881709,0.5482117157637297,0.4163552549451792,0.48561357989238313
Aaron Ramsdale,eng ENG,GK,Newcastle United,eng Premier League,27.0,1998.0,9,8,734,8.2,0,0,0,0,0,0,1,0,0.0,119.0,eng ENG,GK,eng Premier League,27-307,1998.0,9.0,8.0,734.0,8.2,11.0,1.35,25.0,16.0,64.0,4.0,2.0,2.0,1.0,12.5,2.0,2.0,0.0,0.0,2077,eng ENG,GK,eng Premier League,27-307,1998.0,8.2,0,0,0,,0.0,0.0,,,0,0,2618,eng ENG,GK,eng Premier League,27-307,1998.0,9,734,82,27.2,8.2,8,90.0,8,1,14.0,21,1.56,13,11,2,0.25,0.34,2077,eng ENG,GK,eng Premier League,27-307,1998.0,8.2,1,0,0,0,0,0,0,0,0,0,1.9512195121951221,3.048780487804878,True,1,-0.08732149813745531,-0.8266864471037121,-1.1017524520450659,-1.498908691628023,-1.2878308191789738,-0.46561556990513003,-2.0852246378702195
David Raya,es ESP,GK,Arsenal,eng Premier League,30.0,1995.0,31,31,2790,31.0,0,0,0,0,0,0,1,0,0.0,121.0,es ESP,GK,eng Premier League,30-183,1995.0,31.0,31.0,2790.0,31.0,22.0,0.71,72.0,49.0,69.4,21.0,7.0,3.0,15.0,48.4,0.0,0.0,0.0,0.0,2092,es ESP,GK,eng Premier League,30-183,1995.0,31.0,0,0,0,,0.0,0.0,,,0,0,2636,es ESP,GK,eng Premier League,30-183,1995.0,31,2790,90,100.0,31.0,31,90.0,31,0,,0,2.26,61,22,39,1.26,,2092,es ESP,GK,eng Premier League,30-183,1995.0,31.0,1,0,0,0,9,0,1,1,1,0,1.5806451612903225,2.3225806451612905,True,2,-1.785976781054546,0.04046716873934411,1.5052151875817392,-2.1499144096628107,-2.2396948370754006,-3.617594902896821,-1.4006050789754692
Robin Roefs,nl NED,GK,Sunderland,eng Premier League,23.0,2003.0,28,28,2520,28.0,0,0,0,0,0,0,3,0,0.0,127.0,nl NED,GK,eng Premier League,23-059,2003.0,28.0,28.0,2520.0,28.0,34.0,1.21,115.0,84.0,72.2,9.0,10.0,9.0,8.0,28.6,3.0,2.0,1.0,0.0,2150,nl NED,GK,eng Premier League,23-059,2003.0,28.0,0,0,0,,0.0,0.0,,,0,0,2702,nl NED,GK,eng Premier League,23-059,2003.0,28,2520,90,93.3,28.0,28,90.0,28,0,,0,1.32,29,34,-5,-0.18,-0.18,2150,nl NED,GK,eng Premier League,23-059,2003.0,28.0,3,0,0,0,11,0,0,0,0,0,3.0,4.107142857142857,True,0,-0.4589023412755691,0.49010237695426123,0.06738902422210878,0.34353424285259526,0.09941412100323127,-0.25027632410659395,0.6783019232183668
José Sá,pt POR,GK,Wolves,eng Premier League,33.0,1993.0,19,19,1710,19.0,0,0,0,0,0,0,2,0,0.0,132.0,pt POR,GK,eng Premier League,33-059,1993.0,19.0,19.0,1710.0,19.0,30.0,1.58,78.0,50.0,64.1,3.0,6.0,10.0,4.0,21.1,2.0,2.0,0.0,0.0,2195,pt POR,GK,eng Premier League,33-059,1993.0,19.0,0,0,0,,0.0,0.0,,,0,0,2757,pt POR,GK,eng Premier League,33-059,1993.0,19,1710,90,61.3,19.0,19,90.0,19,0,,11,0.79,18,30,-12,-0.63,0.87,2195,pt POR,GK,eng Premier League,33-059,1993.0,19.0,2,0,0,0,6,0,0,0,0,0,2.6315789473684212,4.105263157894737,True,1,0.523132744160874,-0.8106280468103231,-0.47724209826259983,-0.30368867293190566,0.09695031149283712,0.6913273803768873,-0.8799910707407845
Robert Sánchez,es ESP,GK,Chelsea,eng Premier League,28.0,1997.0,28,28,2434,27.0,0,1,1,0,0,0,3,1,0.04,135.0,es ESP,GK,eng Premier League,28-119,1997.0,28.0,28.0,2434.0,27.0,33.0,1.22,107.0,74.0,70.1,12.0,8.0,8.0,9.0,32.1,1.0,1.0,0.0,0.0,2233,es ESP,GK,eng Premier League,28-119,1997.0,27.0,0,0,0,,0.0,0.0,,,0,0,2809,es ESP,GK,eng Premier League,28-119,1997.0,28,2434,87,90.1,27.0,28,87.0,27,0,,1,1.57,47,31,16,0.59,-0.09,2233,es ESP,GK,eng Premier League,28-119,1997.0,27.0,3,1,0,2,10,0,0,1,0,0,2.740740740740741,3.962962962962963,True,0,-0.43236085247998957,0.1528759707930717,0.3215502147149728,-0.11191892010686824,-0.08956919366447998,-0.5194791740193955,0.1555631068854197
Matz Sels,be BEL,GK,Nottingham Forest,eng Premier League,34.0,1992.0,23,22,1948,21.6,0,0,0,0,0,0,2,0,0.0,140.0,be BEL,GK,eng Premier League,34-019,1992.0,23.0,22.0,1948.0,21.6,31.0,1.43,90.0,63.0,70.0,6.0,7.0,9.0,5.0,22.7,4.0,4.0,0.0,0.0,2302,be BEL,GK,eng Premier League,34-019,1992.0,21.6,0,0,0,,0.0,0.0,,,0,0,2892,be BEL,GK,eng Premier League,34-019,1992.0,23,1948,85,72.1,21.6,22,88.0,21,1,13.0,3,1.09,22,31,-9,-0.42,0.3,2302,be BEL,GK,eng Premier League,34-019,1992.0,21.6,2,0,0,0,3,0,0,0,1,0,2.9166666666666665,4.166666666666666,True,0,0.12501041222718057,0.13681757049968268,-0.36105412546586213,0.1971385833299102,0.1774347554990752,0.36377632443494023,0.17762027930896993
James Trafford,eng ENG,GK,Manchester City,eng Premier League,23.0,2002.0,3,3,270,3.0,0,0,0,0,0,0,0,0,0.0,156.0,eng ENG,GK,eng Premier League,23-158,2002.0,3.0,3.0,270.0,3.0,4.0,1.33,14.0,11.0,78.6,1.0,0.0,2.0,1.0,33.3,1.0,1.0,0.0,0.0,2504,eng ENG,GK,eng Premier League,23-158,2002.0,3.0,0,0,0,,0.0,0.0,,,0,0,3157,eng ENG,GK,eng Premier League,23-158,2002.0,3,270,90,10.0,3.0,3,90.0,3,0,,27,1.0,5,4,1,0.33,-0.81,2504,eng ENG,GK,eng Premier League,23-158,2002.0,3.0,0,0,0,0,1,0,0,0,1,0,3.6666666666666665,4.666666666666667,True,0,-0.14040447572861442,1.5178399957312143,0.4086911943125259,1.5146995190340735,0.8328080852641677,0.24989959928196986,2.305736588686706
Hákon Valdimarsson,is ISL,GK,Brentford,eng Premier League,24.0,2001.0,1,1,90,1.0,0,0,0,0,0,0,0,0,0.0,161.0,is ISL,GK,eng Premier League,24-155,2001.0,1.0,1.0,90.0,1.0,3.0,3.0,4.0,1.0,25.0,1.0,0.0,0.0,0.0,0.0,0.0,0.0,0.0,0.0,2547,is ISL,GK,eng Premier League,24-155,2001.0,1.0,0,0,0,,0.0,0.0,,,0,0,3207,is ISL,GK,eng Premier League,24-155,2001.0,1,90,90,3.3,1.0,1,90.0,1,0,,29,3.0,4,3,1,1.0,0.9,2547,is ISL,GK,eng Premier League,24-155,2001.0,1.0,0,0,0,0,0,0,0,0,0,0,1.0,4.0,True,1,4.292024153133168,-7.089462561525778,-2.0094709895195804,-3.16996158569184,-0.04102302108928781,4.2060267758733625,-7.868580995737416
Bart Verbruggen,nl NED,GK,Brighton,eng Premier League,23.0,2002.0,30,30,2700,30.0,0,0,0,0,0,0,3,0,0.0,165.0,nl NED,GK,eng Premier League,23-211,2002.0,30.0,30.0,2700.0,30.0,36.0,1.2,112.0,80.0,72.3,10.0,10.0,10.0,7.0,23.3,6.0,5.0,1.0,0.0,2587,nl NED,GK,eng Premier League,23-211,2002.0,30.0,0,0,0,,0.0,0.0,,,0,0,3254,nl NED,GK,eng Premier League,23-211,2002.0,30,2700,90,100.0,30.0,30,90.0,30,0,,0,1.33,39,36,3,0.1,,2587,nl NED,GK,eng Premier League,23-211,2002.0,30.0,3,0,0,2,2,0,0,0,1,1,2.6666666666666665,3.7333333333333334,True,0,-0.48544383007114866,0.5061607772476502,-0.3174836356670854,-0.2420483952381442,-0.3905554636306698,-0.5415052409190176,0.0935507377451832
Guglielmo Vicario,it ITA,GK,Tottenham Hotspur,eng Premier League,29.0,1996.0,30,30,2700,30.0,0,0,0,0,0,0,1,0,0.0,166.0,it ITA,GK,eng Premier League,29-161,1996.0,30.0,30.0,2700.0,30.0,47.0,1.57,124.0,79.0,63.7,7.0,9.0,14.0,7.0,23.3,2.0,2.0,0.0,0.0,2594,it ITA,GK,eng Premier League,29-161,1996.0,30.0,0,0,0,,0.0,0.0,,,0,0,3262,it ITA,GK,eng Premier League,29-161,1996.0,30,2700,90,100.0,30.0,30,90.0,30,0,,0,1.0,40,47,-7,-0.23,,2594,it ITA,GK,eng Premier League,29-161,1996.0,30.0,1,0,0,0,3,0,0,0,1,0,2.6333333333333333,4.133333333333334,True,1,0.4965912553652944,-0.8748616479838813,-0.3174836356670854,-0.3006066590472179,0.13374320018140376,0.6381599970697853,-0.8714794630399414
